Province_State,Country_Region,Last_Update,Lat,Long_,Confirmed,Deaths,Recovered,Active,FIPS,Incident_Rate,People_Tested,People_Hospitalized,Mortality_Rate,UID,ISO3,Testing_Rate,Hospitalization_Rate
Alabama,US,2020-07-30 15:30:22,32.3182,-86.9023,85762.0,1565,32510,51687.0,1,1749.1079777736309,668275,9893,1.8248175182481752,84000001,USA,13629.406192097586,11.535411954012266
Alaska,US,2020-07-30 15:30:22,61.3707,-152.4044,2818.0,22,854,1942.0,2,385.212119555188,223664,,0.7806955287437899,84000002,USA,30574.195709081465,
American Samoa,US,2020-07-30 15:30:22,-14.270999999999999,-170.132,0.0,0,,0.0,60,0.0,1037,,,16,ASM,1863.7335777574092,
Arizona,US,2020-07-30 15:30:22,33.7298,-111.4312,168273.0,3454,21994,142825.0,4,2311.8497394527085,901429,10060,2.0526168785247783,84000004,USA,12384.449072549462,5.978380369993998
Arkansas,US,2020-07-30 15:30:22,34.9697,-92.3731,40968.0,434,33938,6596.0,5,1357.5434322441085,495605,2747,1.0593634055848467,84000005,USA,16422.703396244422,6.70523335286077
California,US,2020-07-30 15:30:22,36.1162,-119.6816,485832.0,8912,,476920.0,6,1229.5739472820853,7517466,,1.834378962275025,84000006,USA,19025.672131886884,
Colorado,US,2020-07-30 15:30:22,39.0598,-105.3111,45778.0,1822,5243,38713.0,8,794.9313877211944,512177,6319,3.9800777666127836,84000008,USA,8893.91352546809,13.803573769059373
Connecticut,US,2020-07-30 15:30:22,41.5978,-72.7554,49540.0,4425,8516,36599.0,9,1389.5094560409864,765776,10712,8.93217601937828,84000009,USA,21478.66356901983,21.62293096487687
Delaware,US,2020-07-30 15:30:22,39.3185,-75.5071,14669.0,651,8108,5910.0,10,1506.4225007291295,177016,,4.437930329265798,84000010,USA,18178.53196462387,
Diamond Princess,US,2020-07-30 15:30:22,,,49.0,0,,49.0,88888,,,,0.0,84088888,USA,,
District of Columbia,US,2020-07-30 15:30:22,38.8974,-77.0268,12057.0,584,9723,1750.0,11,1708.3977448072899,180049,,4.8436592850626194,84000011,USA,25511.761263565375,
Florida,US,2020-07-30 15:30:22,27.7663,-81.6868,461379.0,6586,,454793.0,12,2148.17324562639,3526765,25867,1.4274598540462395,84000012,USA,16420.56143996921,5.60645369641878
Georgia,US,2020-07-30 15:30:22,33.0406,-83.6431,178323.0,3642,,174681.0,13,1679.5318412010147,1512464,17964,2.04236133308659,84000013,USA,14245.113903816396,10.073854746723642
Grand Princess,US,2020-07-30 15:30:22,,,103.0,3,,100.0,99999,,,,2.912621359223301,84099999,USA,,
Guam,US,2020-07-30 15:30:22,13.4443,144.7937,354.0,5,297,52.0,66,215.55267340116544,21329,,1.4124293785310735,316,GUM,12987.353025348752,
Hawaii,US,2020-07-30 15:30:22,21.0943,-157.4983,1865.0,26,1205,634.0,15,131.72094652623966,117559,167,1.3941018766756033,84000015,USA,8302.939813768477,8.954423592493297
Idaho,US,2020-07-30 15:30:22,44.2405,-114.4788,19674.0,173,6203,13298.0,16,1100.9112707148313,173042,783,0.8793331300193148,84000016,USA,9683.027757803997,3.979871912168344
Illinois,US,2020-07-30 15:30:22,40.3495,-88.9861,176363.0,7654,,168709.0,17,1391.773131896355,2609894,,4.339912566694828,84000017,USA,20596.045351335062,
Indiana,US,2020-07-30 15:30:22,39.8494,-86.2583,64299.0,2932,45058,16309.0,18,955.0937068446525,724238,8587,4.559946499945567,84000018,USA,10757.790262022076,13.354795564472232
Iowa,US,2020-07-30 15:30:22,42.0115,-93.2105,43844.0,854,31246,11744.0,19,1389.6363630600906,462712,,1.9478149803850013,84000019,USA,14665.665104102287,
Kansas,US,2020-07-30 15:30:22,38.5266,-96.7265,26655.0,353,1149,25153.0,20,914.9374217815175,284949,1700,1.324329394109923,84000020,USA,9780.923031297005,6.377790283248921
Kentucky,US,2020-07-30 15:30:22,37.6681,-84.6701,28727.0,724,7495,20508.0,21,642.9969247973162,568341,3281,2.5202770912382078,84000021,USA,12721.186174547689,11.421310961812928
Louisiana,US,2020-07-30 15:30:22,31.1695,-91.8678,112773.0,3883,74246,34644.0,22,2425.8549636744497,1295131,,3.4432000567511727,84000022,USA,27859.505067335744,
Maine,US,2020-07-30 15:30:22,44.6939,-69.3819,3866.0,121,3336,409.0,23,287.6034435044472,162077,385,3.1298499741334713,84000023,USA,12057.398684136133,9.958613554061046
Maryland,US,2020-07-30 15:30:22,39.0639,-76.8021,87177.0,3488,5592,78097.0,24,1441.9717881197814,878959,12448,4.001055324225426,84000024,USA,14538.629236082625,14.278995606639366
Massachusetts,US,2020-07-30 15:30:22,42.2302,-71.5301,116684.0,8580,96452,11652.0,25,1692.9118492948062,1141116,11855,7.353193239861506,84000025,USA,16555.901390249666,10.15991909773405
Michigan,US,2020-07-30 15:30:22,43.3266,-84.5361,88974.0,6422,57502,25050.0,26,890.9109242277125,1793233,,7.217838919234833,84000026,USA,17955.929478113085,
Minnesota,US,2020-07-30 15:30:22,45.6945,-93.9002,52947.0,1629,46636,4682.0,27,938.8378532499993,993091,5077,3.076661567227605,84000027,USA,17609.145419417437,9.588834117136004
Mississippi,US,2020-07-30 15:30:22,32.7416,-89.6787,55804.0,1563,35071,19170.0,28,1875.040530564834,443304,4152,2.800874489283922,84000028,USA,14895.22197981351,7.440326858289728
Missouri,US,2020-07-30 15:30:22,38.4561,-92.2884,47472.0,1241,,46231.0,29,773.4836156122727,660899,,2.6141725648803504,84000029,USA,10768.338137734569,
Montana,US,2020-07-30 15:30:22,46.9219,-110.4544,3676.0,54,2212,1410.0,30,343.9442054383604,165355,211,1.4689880304679,84000030,USA,15471.407532714933,5.73993471164309
Nebraska,US,2020-07-30 15:30:22,41.1254,-98.2681,25422.0,324,18702,6396.0,31,1314.2005202625298,264033,1606,1.2744866650932263,84000031,USA,13649.292186550098,6.317362914011486
Nevada,US,2020-07-30 15:30:22,38.3135,-117.0554,45806.0,780,1061,43965.0,32,1487.1324699138615,457385,,1.7028336899096188,84000032,USA,14849.410224676933,
New Hampshire,US,2020-07-30 15:30:22,43.4525,-71.5639,6513.0,411,5688,414.0,33,478.99884607832104,156083,690,6.310456011054813,84000033,USA,11479.130491700074,10.594196222938738
New Jersey,US,2020-07-30 15:30:22,40.2989,-74.521,180600.0,15798,32365,132437.0,34,2033.2823323977532,2042682,21321,8.747508305647841,84000034,USA,22997.503993947437,11.805647840531561
New Mexico,US,2020-07-30 15:30:22,34.8405,-106.2485,20136.0,632,7657,11847.0,35,960.3072067393192,536853,2614,3.1386571315057608,84000035,USA,25603.089236175198,12.981724274930473
New York,US,2020-07-30 15:30:22,42.1657,-74.9481,413593.0,9146,72900,331547.0,36,2126.0529113410134,5746822,89995,2.211352706646389,84000036,USA,29541.234121608893,21.75931410831421
North Carolina,US,2020-07-30 15:30:22,35.6301,-79.8064,118742.0,1900,92302,24540.0,37,1132.1610315096636,1691434,,1.6001077967357802,84000037,USA,16127.197303148983,
North Dakota,US,2020-07-30 15:30:22,47.5289,-99.78399999999999,6227.0,102,5087,1038.0,38,817.1251158042259,151083,351,1.638027942829613,84000038,USA,19825.552251654066,5.6367432150313155
Northern Mariana Islands,US,2020-07-30 15:30:22,15.0979,145.6739,42.0,2,29,11.0,69,76.16422457565646,11759,4,4.761904761904762,580,MNP,21324.16944726534,9.523809523809524
Ohio,US,2020-07-30 15:30:22,40.3888,-82.7649,87893.0,3422,62695,21776.0,39,751.9227314335577,1420837,10553,3.8933703480368176,84000039,USA,12155.230086148635,12.006644442674617
Oklahoma,US,2020-07-30 15:30:22,35.5653,-96.9289,34623.0,523,27386,6714.0,40,874.9874588416241,606513,3041,1.510556566444271,84000040,USA,15327.708997614589,8.78317881177252
Oregon,US,2020-07-30 15:30:22,44.571999999999996,-122.0709,17721.0,311,3736,13674.0,41,420.1542201422232,394155,1568,1.75497996727047,84000041,USA,9345.17728345793,8.848259127588737
Pennsylvania,US,2020-07-30 15:30:22,40.5908,-77.2098,115631.0,7183,82663,25785.0,42,903.2268345176675,1184081,,6.212001971789572,84000042,USA,9249.195574218975,
Puerto Rico,US,2020-07-30 15:30:22,18.2208,-66.5901,16572.0,214,,16358.0,72,564.9401651594324,322033,,1.2913347815592566,630,PRI,10978.118284261855,
Rhode Island,US,2020-07-30 15:30:22,41.6809,-71.5118,18800.0,1007,1810,15983.0,44,1774.654721100739,202465,2195,5.3563829787234045,84000044,USA,19111.99298445006,11.675531914893616
South Carolina,US,2020-07-30 15:30:22,33.8569,-80.945,85846.0,1615,32859,51372.0,45,1667.3289679714196,680990,5117,1.8812757728956504,84000045,USA,13226.409546150748,5.960673764648324
South Dakota,US,2020-07-30 15:30:22,44.2998,-99.4388,8641.0,129,7609,903.0,46,976.7605371109094,109714,810,1.4928827681981252,84000046,USA,12401.84070924503,9.373915056127762
Tennessee,US,2020-07-30 15:30:22,35.7478,-86.6923,100822.0,1020,62129,37673.0,47,1476.3425269293182,1456239,4482,1.0116839578663388,84000047,USA,21323.794063528036,4.445458332506794
Texas,US,2020-07-30 15:30:22,31.0545,-97.5635,418995.0,6193,251346,161456.0,48,1445.0155868690454,3539368,,1.4780605973818304,84000048,USA,12206.450978330337,
Utah,US,2020-07-30 15:30:22,40.15,-111.8624,39194.0,292,26643,12259.0,49,1222.5362902446009,518191,2324,0.7450119916313721,84000049,USA,16163.374566978107,5.929479001888044
Vermont,US,2020-07-30 15:30:22,44.0459,-72.7107,1406.0,56,1199,151.0,50,225.3244848867528,92461,,3.9829302987197726,84000050,USA,14817.729158687092,
Virgin Islands,US,2020-07-30 15:30:22,18.3358,-64.8963,385.0,8,296,81.0,78,358.91412163925867,8804,,2.0779220779220777,850,VIR,8207.480329641645,
Virginia,US,2020-07-30 15:30:22,37.7693,-78.17,88904.0,2141,11650,75113.0,51,1041.5769679617608,1076756,13000,2.408215603347431,84000051,USA,12615.003258735644,14.622514172590659
Washington,US,2020-07-30 15:30:22,47.4009,-121.4905,54205.0,1548,,52657.0,53,711.8287807852323,945234,5474,2.855825108384835,84000053,USA,12412.964962212864,10.098699381975832
West Virginia,US,2020-07-30 15:30:22,38.4912,-80.9545,6277.0,111,4589,1577.0,54,350.25028638833754,274127,,1.768360681854389,84000054,USA,15296.010874107984,
Wisconsin,US,2020-07-30 15:30:22,44.2685,-89.6165,51049.0,911,40416,9722.0,55,876.7639100760953,906379,4539,1.7845599326137633,84000055,USA,15567.012009066999,8.891457227369783
Wyoming,US,2020-07-30 15:30:22,42.756,-107.3025,2628.0,26,2022,580.0,56,454.07501222443193,52012,165,0.989345509893455,84000056,USA,8986.814891863452,6.2785388127853885
Zaporizhia Oblast,Ukraine,2020-07-30 15:30:22,47.8388,35.1396,779.0,21,591,167.0,,45.66675811742747,,,2.6957637997432604,80426,UKR,,
Zhytomyr Oblast,Ukraine,2020-07-30 15:30:22,50.2547,28.6587,1807.0,37,1446,324.0,,148.09132653604797,,,2.0475926950747096,80427,UKR,,
Canarias,Spain,2020-07-30 15:30:22,28.2916,-16.6291,2617.0,162,1537,918.0,,118.58257348200033,,,6.19029423003439,72405,ESP,,
Cantabria,Spain,2020-07-30 15:30:22,43.1828,-3.9878,2448.0,217,2287,-56.0,,420.8781705553769,,,8.86437908496732,72406,ESP,,
Unknown,United Kingdom,2020-07-30 15:30:22,,,0.0,0,,,,,,,,82605,GBR,,
Minas Gerais,Brazil,2020-07-30 15:30:22,-18.5122,-44.555,119394.0,2608,89795,26991.0,,564.0095364917156,,,2.1843643734190996,7613,BRA,,
Piaui,Brazil,2020-07-30 15:30:22,-7.7183,-42.7289,48962.0,1292,48094,-424.0,,1495.8327057671222,,,2.6387810955434827,7618,BRA,,
Parana,Brazil,2020-07-30 15:30:22,-25.2521,-52.0215,70920.0,1814,36660,32446.0,,620.2577113067681,,,2.5578116187253244,7616,BRA,,
Sao Paulo,Brazil,2020-07-30 15:30:22,-23.5505,-46.6333,514197.0,22389,344501,147307.0,,1119.790176839246,,,4.354167760605371,7625,BRA,,
Arkhangelsk Oblast,Russia,2020-07-30 15:30:22,63.5589686,43.1221646,8641.0,169,7229,1243.0,,748.1203918866037,,,1.955792153685916,64305,RUS,,
Samara Oblast,Russia,2020-07-30 15:30:22,53.2128813,50.8914633,6797.0,87,4848,1862.0,,212.83764530232213,,,1.2799764602030308,64363,RUS,,
Kabardino-Balkarian Republic,Russia,2020-07-30 15:30:22,43.480604799999995,43.5978976,5962.0,70,5501,391.0,,688.5894196075895,,,1.1741026501174103,64320,RUS,,
Yunnan,China,2020-07-30 15:30:22,24.974,101.48700000000001,191.0,2,186,3.0,,0.39544513457556935,,,1.0471204188481675,15630,CHN,,
Jiangsu,China,2020-07-30 15:30:22,32.9711,119.455,655.0,0,654,1.0,,0.8135635324804372,,,0.0,15616,CHN,,
Tibet,China,2020-07-30 15:30:22,31.6927,88.0924,1.0,0,1,0.0,,0.029069767441860465,,,0.0,15628,CHN,,
Ciudad de Mexico,Mexico,2020-07-30 15:30:22,19.4326,-99.1332,71296.0,8828,56202,6266.0,,790.5400423234311,,,12.382181328545782,48407,MEX,,
Tamaulipas,Mexico,2020-07-30 15:30:22,24.2669,-98.8363,14365.0,953,11431,1981.0,,393.49674382471716,,,6.63418029933867,48428,MEX,,
Cordoba,Colombia,2020-07-30 15:30:22,8.0493,-75.574,5032.0,600,1595,2837.0,,281.9390368464962,,,11.92368839427663,17014,COL,,
Vaupes,Colombia,2020-07-30 15:30:22,0.8554,-70.812,61.0,1,51,9.0,,149.52079809789936,,,1.639344262295082,17032,COL,,
Nizhny Novgorod Oblast,Russia,2020-07-30 15:30:22,55.47180329999999,44.091159399999995,23647.0,379,19078,4190.0,,731.0297667332766,,,1.6027403053241427,64347,RUS,,
Zabaykalsky Krai,Russia,2020-07-30 15:30:22,52.248521000000004,115.956325,4070.0,47,3674,349.0,,379.3789371051243,,,1.1547911547911547,64383,RUS,,
Udmurt Republic,Russia,2020-07-30 15:30:22,57.1961165,52.69598320000001,2341.0,24,1898,419.0,,154.72121101567436,,,1.0252029047415634,64375,RUS,,
Mykolaiv Oblast,Ukraine,2020-07-30 15:30:22,46.975,31.9946,578.0,14,440,124.0,,22.918127961662492,,,2.422145328719723,80416,UKR,,
Castilla y Leon,Spain,2020-07-30 15:30:22,41.8357,-4.3976,20142.0,2798,8716,8628.0,,836.5545515221164,,,13.89137126402542,72408,ESP,,
Santa Catarina,Brazil,2020-07-30 15:30:22,-27.2423,-50.2189,77001.0,1002,64836,11163.0,,1074.7142832418767,,,1.301281801535045,7624,BRA,,
Volgograd Oblast,Russia,2020-07-30 15:30:22,49.604833899999996,44.29035820000001,9052.0,61,5448,3543.0,,359.02455740664647,,,0.6738842244807778,64378,RUS,,
Chongqing,China,2020-07-30 15:30:22,30.0572,107.874,583.0,6,577,0.0,,1.8794326241134751,,,1.0291595197255574,15603,CHN,,
Gansu,China,2020-07-30 15:30:22,35.7518,104.2861,167.0,2,165,0.0,,0.6332954114524081,,,1.1976047904191616,15605,CHN,,
Qinghai,China,2020-07-30 15:30:22,35.7452,95.9956,18.0,0,18,0.0,,0.29850746268656714,,,0.0,15621,CHN,,
Mexico,Mexico,2020-07-30 15:30:22,19.4969,-99.7233,51555.0,6264,40536,4755.0,,295.82064048281507,,,12.150130928135,48415,MEX,,
Oaxaca,Mexico,2020-07-30 15:30:22,17.0732,-96.7266,10158.0,899,8400,859.0,,245.14955981439297,,,8.850167355778696,48420,MEX,,
Bayern,Germany,2020-07-30 15:30:22,48.7904,11.4979,50821.0,2621,46930,1270.0,,388.6371820581016,,,5.157316857204699,27602,DEU,,
Unknown,Germany,2020-07-30 15:30:22,,,1320.0,0,,1320.0,,,,,0.0,27617,DEU,,
Moscow Oblast,Russia,2020-07-30 15:30:22,55.50431579999999,38.0353929,63299.0,1105,46365,15829.0,,843.6059191951366,,,1.7456831861482804,64344,RUS,,
Tver Oblast,Russia,2020-07-30 15:30:22,57.1134475,35.174442799999994,4567.0,140,3821,606.0,,355.7205424524077,,,3.065469673746442,64372,RUS,,
Baleares,Spain,2020-07-30 15:30:22,39.710358,2.995148,2425.0,224,1533,668.0,,204.08678527545405,,,9.237113402061855,72404,ESP,,
Alagoas,Brazil,2020-07-30 15:30:22,-9.5713,-36.782,58124.0,1540,50355,6229.0,,1741.6176932824387,,,2.6495079485238455,7602,BRA,,
Maranhao,Brazil,2020-07-30 15:30:22,-4.9609,-45.2744,117694.0,2978,105671,9045.0,,1663.4768778353514,,,2.530290414124764,7610,BRA,,
Paraiba,Brazil,2020-07-30 15:30:22,-7.24,-36.782,79898.0,1766,33636,44496.0,,1988.4388920509482,,,2.210318155648452,7615,BRA,,
Rio Grande do Norte,Brazil,2020-07-30 15:30:22,-5.4026,-36.9541,49051.0,1735,22901,24415.0,,1398.7184521278764,,,3.537134818862001,7620,BRA,,
Reunion,France,2020-07-30 15:30:22,-21.1151,55.5364,657.0,4,592,61.0,,73.38256778672815,,,0.60882800608828,638,REU,,
Channel Islands,United Kingdom,2020-07-30 15:30:22,49.3723,-2.3644,587.0,47,533,7.0,,344.2835441850099,,,8.006814310051107,8261,GBR,,
New Caledonia,France,2020-07-30 15:30:22,-20.904304999999997,165.618042,22.0,0,22,0.0,,7.706022256393371,,,0.0,540,NCL,,
Hubei,China,2020-07-30 15:30:22,30.9756,112.2707,68135.0,4512,63623,0.0,,115.15125908399527,,,6.622147207749321,15613,CHN,,
Jiangxi,China,2020-07-30 15:30:22,27.614,115.7221,932.0,1,931,0.0,,2.0051635111876074,,,0.1072961373390558,15617,CHN,,
Himachal Pradesh,India,2020-07-30 15:30:22,31.927213000000002,77.233081,2403.0,14,1332,1057.0,,32.246571537267734,,,0.5826050769870995,35613,IND,,
Tamil Nadu,India,2020-07-30 15:30:22,11.006091,78.400624,234114.0,3741,172883,57490.0,,300.7582083678057,,,1.5979394653886567,35630,IND,,
Uttar Pradesh,India,2020-07-30 15:30:22,26.925425,80.560982,77334.0,1530,45807,29997.0,,32.509296334990275,,,1.9784312204205137,35633,IND,,
West Bengal,India,2020-07-30 15:30:22,23.814082,87.979803,65258.0,1490,44116,19652.0,,65.51396108052278,,,2.2832449661344203,35635,IND,,
Hessen,Germany,2020-07-30 15:30:22,50.6521,9.1624,11895.0,519,10800,576.0,,189.83981158697944,,,4.363177805800756,27607,DEU,,
Tatarstan Republic,Russia,2020-07-30 15:30:22,55.7648572,52.43104273,5569.0,22,4499,1048.0,,143.0044650056339,,,0.39504399353564373,64369,RUS,,
Vladimir Oblast,Russia,2020-07-30 15:30:22,56.0503336,40.656163299999996,5563.0,136,5152,275.0,,403.602312061564,,,2.4447240697465396,64377,RUS,,
Kalmykia Republic,Russia,2020-07-30 15:30:22,46.2313018,45.3275745,2589.0,38,1883,668.0,,940.0427721276774,,,1.4677481653147935,64322,RUS,,
Coquimbo,Chile,2020-07-30 15:30:22,-29.959,-71.3389,6056.0,63,4994,999.0,,799.3811923662792,,,1.0402906208718625,15207,CHL,,
Emilia-Romagna,Italy,2020-07-30 15:30:22,44.49436681,11.341720800000001,29634.0,4289,23874,1471.0,,664.5173862316142,,,14.473240197070933,38008,ITA,,
Valle d'Aosta,Italy,2020-07-30 15:30:22,45.73750286,7.320149366,1208.0,146,1050,12.0,,961.2783091687489,,,12.086092715231787,38002,ITA,,
Kirovohrad Oblast,Ukraine,2020-07-30 15:30:22,48.5079,32.2623,702.0,35,630,37.0,,74.24258288042185,,,4.985754985754986,80413,UKR,,
Luhansk Oblast,Ukraine,2020-07-30 15:30:22,48.574,39.3078,122.0,1,94,27.0,,5.669584953850973,,,0.819672131147541,80414,UKR,,
Aragon,Spain,2020-07-30 15:30:22,41.5976,-0.9057,11810.0,915,3772,7123.0,,894.2999547170725,,,7.747671464860288,72402,ESP,,
Extremadura,Spain,2020-07-30 15:30:22,39.4937,-6.0679,3345.0,519,2652,174.0,,313.95951283244983,,,15.515695067264573,72412,ESP,,
Bahia,Brazil,2020-07-30 15:30:22,-12.5797,-41.7007,157334.0,3321,140136,13877.0,,1057.845242916994,,,2.110796140694319,7605,BRA,,
Espirito Santo,Brazil,2020-07-30 15:30:22,-19.1834,-40.3089,80569.0,2486,64239,13844.0,,2004.877259776293,,,3.085553997194951,7608,BRA,,
Mato Grosso do Sul,Brazil,2020-07-30 15:30:22,-20.7722,-54.7852,23411.0,342,15827,7242.0,,842.4295768312614,,,1.460851736363248,7612,BRA,,
Rondonia,Brazil,2020-07-30 15:30:22,-11.5057,-63.5806,37634.0,855,27380,9399.0,,2117.5709322117345,,,2.271881809002498,7622,BRA,,
Faroe Islands,Denmark,2020-07-30 15:30:22,61.8926,-6.9118,220.0,0,188,32.0,,450.21999386063646,,,0.0,234,FRO,,
Utrecht,Netherlands,2020-07-30 15:30:22,52.084251,5.163824,4330.0,430,,3900.0,,319.59634907302296,,,9.930715935334874,52810,NLD,,
Murmansk Oblast,Russia,2020-07-30 15:30:22,68.00004179999999,33.9999151,10093.0,74,5943,4076.0,,1339.3810952588856,,,0.7331814128603983,64345,RUS,,
Yaroslavl Oblast,Russia,2020-07-30 15:30:22,57.778197600000006,39.002109499999996,5996.0,28,5299,669.0,,473.7359404085064,,,0.466977985323549,64382,RUS,,
Inner Mongolia,China,2020-07-30 15:30:22,44.0935,113.9448,258.0,1,244,13.0,,1.0181531176006313,,,0.3875968992248062,15615,CHN,,
Anhui,China,2020-07-30 15:30:22,31.8257,117.2264,991.0,6,985,0.0,,1.567046173308033,,,0.6054490413723511,15601,CHN,,
Guizhou,China,2020-07-30 15:30:22,26.8154,106.8748,147.0,2,145,0.0,,0.4083333333333333,,,1.3605442176870748,15608,CHN,,
Macau SAR,China,2020-07-30 15:30:22,22.1667,113.55,46.0,0,46,0.0,,7.084094360136877,,,0.0,446,MAC,,
Michoacan,Mexico,2020-07-30 15:30:22,19.5665,-101.7068,9329.0,710,7564,1055.0,,193.33108274317513,,,7.61067638546468,48416,MEX,,
Nayarit,Mexico,2020-07-30 15:30:22,21.7514,-104.8455,3329.0,371,2415,543.0,,258.34820122445717,,,11.14448783418444,48418,MEX,,
Mizoram,India,2020-07-30 15:30:22,23.309381,92.83821999999999,398.0,0,215,183.0,,32.11635480986795,,,0.0,35623,IND,,
Yamagata,Japan,2020-07-30 15:30:22,38.448396,140.102154,75.0,1,74,0.0,,6.959484664079595,,,1.3333333333333333,39245,JPN,,
Yamaguchi,Japan,2020-07-30 15:30:22,34.201190000000004,131.573293,53.0,0,39,14.0,,3.9018328307576327,,,0.0,39246,JPN,,
Ancash,Peru,2020-07-30 15:30:22,-9.407125,-77.67179499999999,11670.0,818,,10852.0,,988.480433677791,,,7.00942587832048,60402,PER,,
Madre de Dios,Peru,2020-07-30 15:30:22,-11.972699,-70.53171999999999,3170.0,97,,3073.0,,1823.9355581127734,,,3.0599369085173502,60417,PER,,
Shiga,Japan,2020-07-30 15:30:22,35.215827000000004,136.13806399999999,168.0,1,109,58.0,,11.881667082760762,,,0.5952380952380952,39236,JPN,,
New South Wales,Australia,2020-07-30 15:30:22,-33.8688,151.2093,3736.0,49,2989,698.0,,46.021187484602116,,,1.3115631691648821,3602,AUS,,
Sucre,Colombia,2020-07-30 15:30:22,8.814,-74.7233,5742.0,356,2722,2664.0,,634.5712002811475,,,6.199930337861372,17029,COL,,
Mecklenburg-Vorpommern,Germany,2020-07-30 15:30:22,53.6127,12.4296,861.0,20,786,55.0,,53.489058350288104,,,2.3228803716608595,27608,DEU,,
Saint Petersburg,Russia,2020-07-30 15:30:22,59.960673899999996,30.158655100000004,31302.0,2023,23292,5987.0,,584.8725741250595,,,6.462845824547952,64360,RUS,,
North Ossetia - Alania Republic,Russia,2020-07-30 15:30:22,42.793361100000006,44.6324493,4531.0,67,4021,443.0,,645.6577344267668,,,1.4787022732288677,64348,RUS,,
Khakassia Republic,Russia,2020-07-30 15:30:22,53.72258845,91.44293627,2818.0,32,2444,342.0,,524.2663898361528,,,1.1355571327182399,64329,RUS,,
Amur Oblast,Russia,2020-07-30 15:30:22,52.8032368,128.437295,2724.0,47,1945,732.0,,341.172109054838,,,1.7254038179148312,64304,RUS,,
Xinjiang,China,2020-07-30 15:30:22,41.1129,85.2401,496.0,3,79,414.0,,1.9943707277844793,,,0.6048387096774194,15629,CHN,,
Quebec,Canada,2020-07-30 15:30:22,52.9399,-73.5491,59073.0,5670,50886,2517.0,,691.9097637131612,,,9.598293636686812,12410,CAN,,
Saskatchewan,Canada,2020-07-30 15:30:22,52.9399,-106.4509,1268.0,17,929,322.0,,107.3061254195348,,,1.3406940063091484,12411,CAN,,
Magallanes,Chile,2020-07-30 15:30:22,-52.368,-70.9863,1687.0,28,1570,89.0,,1013.0124359736509,,,1.6597510373443984,15210,CHL,,
Marche,Italy,2020-07-30 15:30:22,43.61675973,13.5188753,6863.0,987,5746,130.0,,449.9528280548178,,,14.381465831269125,38011,ITA,,
Sicilia,Italy,2020-07-30 15:30:22,38.11569725,13.362356699999998,3272.0,283,2730,259.0,,65.44142662310038,,,8.64914425427873,38019,ITA,,
Toscana,Italy,2020-07-30 15:30:22,43.76923077,11.25588885,10469.0,1134,8946,389.0,,280.69725745721905,,,10.831980131817748,38009,ITA,,
Andalusia,Spain,2020-07-30 15:30:22,37.5443,-4.7278,14804.0,1435,10671,2698.0,,175.6649882140469,,,9.693326128073494,72401,ESP,,
Wales,United Kingdom,2020-07-30 15:30:22,52.1307,-3.7837,17223.0,1554,,,,548.7478493595871,,,9.02281832433374,82604,GBR,,
Pernambuco,Brazil,2020-07-30 15:30:22,-8.8137,-36.9541,91536.0,6484,68401,16651.0,,957.782986021554,,,7.083551826603741,7617,BRA,,
Rio Grande do Sul,Brazil,2020-07-30 15:30:22,-30.0346,-51.2177,64496.0,1750,54960,7786.0,,566.8862190554316,,,2.713346564128008,7621,BRA,,
French Guiana,France,2020-07-30 15:30:22,4.0,-53.0,7728.0,43,6270,1415.0,,2587.3671664177955,,,0.5564182194616977,254,GUF,,
Gibraltar,United Kingdom,2020-07-30 15:30:22,36.1408,-5.3536,187.0,0,180,7.0,,555.0443738683922,,,0.0,292,GIB,,
Irkutsk Oblast,Russia,2020-07-30 15:30:22,56.6370122,104.71922099999999,13282.0,171,8370,4741.0,,552.4510283067722,,,1.2874567083270592,64317,RUS,,
Krasnoyarsk Krai,Russia,2020-07-30 15:30:22,63.3233807,97.09799740000001,13000.0,325,11626,1049.0,,451.9385905843114,,,2.5,64335,RUS,,
Yamalo-Nenets Autonomous Okrug,Russia,2020-07-30 15:30:22,67.1471631,74.3415488,10904.0,77,7631,3196.0,,2024.7072214681355,,,0.7061628760088041,64381,RUS,,
Magadan Oblast,Russia,2020-07-30 15:30:22,62.48858785,153.9903764,1298.0,12,948,338.0,,900.8196209339931,,,0.9244992295839753,64340,RUS,,
Sichuan,China,2020-07-30 15:30:22,30.6171,102.7103,604.0,3,596,5.0,,0.7241337969068457,,,0.4966887417218543,15626,CHN,,
Fujian,China,2020-07-30 15:30:22,26.0789,117.9874,366.0,1,362,3.0,,0.9286982999238772,,,0.273224043715847,15604,CHN,,
Hidalgo,Mexico,2020-07-30 15:30:22,20.0911,-98.7624,6544.0,1008,4611,925.0,,212.02599521645507,,,15.403422982885086,48413,MEX,,
Morelos,Mexico,2020-07-30 15:30:22,18.6813,-99.1013,3951.0,835,2828,288.0,,193.29197116715866,,,21.133890154391292,48417,MEX,,
Arunachal Pradesh,India,2020-07-30 15:30:22,27.768456,96.384277,1410.0,3,677,730.0,,89.7827258035554,,,0.2127659574468085,35603,IND,,
Chandigarh,India,2020-07-30 15:30:22,30.733839,76.76827800000001,978.0,14,611,353.0,,84.42147551129806,,,1.4314928425357873,35606,IND,,
Niigata,Japan,2020-07-30 15:30:22,37.521819,138.918647,102.0,0,88,14.0,,4.588175282690075,,,0.0,39229,JPN,,
Moquegua,Peru,2020-07-30 15:30:22,-16.860271,-70.839046,2752.0,80,,2672.0,,1428.1266216917488,,,2.9069767441860463,60418,PER,,
Osaka,Japan,2020-07-30 15:30:22,34.620965000000005,135.507481,3841.0,89,2477,1275.0,,43.60133644169277,,,2.3171049205935956,39233,JPN,,
Port Quarantine,Japan,2020-07-30 15:30:22,,,590.0,1,236,353.0,,,,,0.1694915254237288,39248,JPN,,
Gifu,Japan,2020-07-30 15:30:22,35.778671,137.055925,301.0,7,176,118.0,,15.151614301311747,,,2.3255813953488373,39209,JPN,,
Toyama,Japan,2020-07-30 15:30:22,36.637464,137.26934599999998,238.0,22,209,7.0,,22.80781445555447,,,9.243697478991596,39243,JPN,,
Gunma,Japan,2020-07-30 15:30:22,36.504478999999996,138.985605,186.0,19,140,27.0,,9.575506472218676,,,10.21505376344086,39210,JPN,,
Huila,Colombia,2020-07-30 15:30:22,2.5359,-75.5277,778.0,20,413,345.0,,70.7024625904001,,,2.570694087403599,17018,COL,,
Vichada,Colombia,2020-07-30 15:30:22,4.4234,-69.2878,2.0,0,1,1.0,,1.8551498961116057,,,0.0,17033,COL,,
Berlin,Germany,2020-07-30 15:30:22,52.52,13.405,9149.0,223,8542,384.0,,251.01335427260452,,,2.437424855175429,27603,DEU,,
Sachsen,Germany,2020-07-30 15:30:22,51.1045,13.2017,5533.0,225,5255,53.0,,135.6813506437201,,,4.066510030724743,27613,DEU,,
Brandenburg,Germany,2020-07-30 15:30:22,52.4125,12.5316,3571.0,173,3300,98.0,,142.16234055504222,,,4.844581349761971,27604,DEU,,
Leningrad Oblast,Russia,2020-07-30 15:30:22,60.185329599999996,32.3925325,5837.0,56,4513,1268.0,,321.8077247085702,,,0.9593969504882646,64338,RUS,,
Sakha (Yakutiya) Republic,Russia,2020-07-30 15:30:22,66.941626,129.642371,5727.0,57,5317,353.0,,593.8838364460299,,,0.9952854897852279,64361,RUS,,
Smolensk Oblast,Russia,2020-07-30 15:30:22,55.034349600000006,33.0192065,5633.0,97,4003,1533.0,,593.3545970497647,,,1.7219953843422688,64365,RUS,,
Newfoundland and Labrador,Canada,2020-07-30 15:30:22,53.1355,-57.6604,266.0,3,259,4.0,,51.01991886682075,,,1.1278195488721805,12405,CAN,,
Northwest Territories,Canada,2020-07-30 15:30:22,64.8255,-124.8457,5.0,0,5,0.0,,11.13486549082487,,,0.0,12406,CAN,,
Campeche,Mexico,2020-07-30 15:30:22,19.8301,-90.5349,4376.0,463,3550,363.0,,437.33016728678405,,,10.580438756855576,48404,MEX,,
Gotland,Sweden,2020-07-30 15:30:22,57.4684,18.4867,238.0,6,,,,398.7534765271588,,,2.5210084033613445,75204,SWE,,
Kronoberg,Sweden,2020-07-30 15:30:22,56.7183,14.4115,1150.0,103,,,,570.807419503745,,,8.956521739130435,75209,SWE,,
Varmland,Sweden,2020-07-30 15:30:22,59.7294,13.2354,1026.0,73,,,,363.2964371454673,,,7.115009746588694,75217,SWE,,
Tarapaca,Chile,2020-07-30 15:30:22,-19.9232,-69.5132,8648.0,160,7598,890.0,,2616.182334113832,,,1.8501387604070305,15215,CHL,,
Biobio,Chile,2020-07-30 15:30:22,-37.4464,-72.1416,10980.0,111,9415,1454.0,,705.2906433368341,,,1.010928961748634,15206,CHL,,
Basilicata,Italy,2020-07-30 15:30:22,40.63947052,15.80514834,449.0,28,374,47.0,,79.7698931723012,,,6.23608017817372,38017,ITA,,
Ternopil Oblast,Ukraine,2020-07-30 15:30:22,49.5535,25.5948,2922.0,39,1749,1134.0,,279.38222299137857,,,1.3347022587268993,80422,UKR,,
Melilla,Spain,2020-07-30 15:30:22,35.2923,-2.9381,129.0,2,125,2.0,,152.32202529254096,,,1.550387596899225,72415,ESP,,
England,United Kingdom,2020-07-30 15:30:22,52.3555,-1.1743,259722.0,41360,,,,463.97819112067054,,,15.924719507781397,82601,GBR,,
Scotland,United Kingdom,2020-07-30 15:30:22,56.4907,-4.2026,18580.0,2491,,,,340.08749290721727,,,13.406889128094726,82603,GBR,,
French Polynesia,France,2020-07-30 15:30:22,-17.6797,149.4068,62.0,0,62,0.0,,22.071597414063167,,,0.0,258,PYF,,
Curacao,Netherlands,2020-07-30 15:30:22,12.1696,-68.99,29.0,1,24,4.0,,17.672151127361364,,,3.4482758620689653,531,CUW,,
"Bonaire, Sint Eustatius and Saba",Netherlands,2020-07-30 15:30:22,12.1784,-68.2385,11.0,0,7,4.0,,41.95110789062202,,,0.0,535,BES,,
Drenthe,Netherlands,2020-07-30 15:30:22,52.862485,6.618435000000001,550.0,41,,509.0,,111.40774830761502,,,7.454545454545454,52801,NLD,,
Altai Krai,Russia,2020-07-30 15:30:22,52.693224300000004,82.69314240000001,8998.0,66,7176,1756.0,,382.880582788671,,,0.7334963325183375,64302,RUS,,
Tula Oblast,Russia,2020-07-30 15:30:22,53.9570701,37.369090899999996,8293.0,229,6870,1194.0,,555.8851228839264,,,2.7613650066320994,64371,RUS,,
Krasnodar Krai,Russia,2020-07-30 15:30:22,45.768401399999995,39.0261044,8170.0,110,7000,1060.0,,145.803812671547,,,1.346389228886169,64334,RUS,,
Primorsky Krai,Russia,2020-07-30 15:30:22,45.0819456,134.726645,6712.0,79,5169,1464.0,,350.85573357964324,,,1.1769964243146602,64356,RUS,,
Altai Republic,Russia,2020-07-30 15:30:22,50.7114101,86.8572186,1529.0,3,1079,447.0,,701.1735140762073,,,0.1962066710268149,64303,RUS,,
Shaanxi,China,2020-07-30 15:30:22,35.1917,108.8701,324.0,3,318,3.0,,0.8385093167701864,,,0.9259259259259259,15622,CHN,,
Hebei,China,2020-07-30 15:30:22,37.8957,114.9042,349.0,6,343,0.0,,0.4618845950238221,,,1.7191977077363896,15610,CHN,,
Sinaloa,Mexico,2020-07-30 15:30:22,25.1721,-107.4795,12463.0,2103,9607,753.0,,394.81428871020574,,,16.87394688277301,48425,MEX,,
Zacatecas,Mexico,2020-07-30 15:30:22,22.7709,-102.5832,2470.0,232,1621,617.0,,148.22140317061783,,,9.392712550607287,48432,MEX,,
Bihar,India,2020-07-30 15:30:22,25.679658,85.60484,46080.0,278,30320,15482.0,,36.92309881658103,,,0.6032986111111112,35605,IND,,
Telangana,India,2020-07-30 15:30:22,18.1124,79.0193,58906.0,492,43751,14663.0,,149.64916561177716,,,0.8352290089294808,35631,IND,,
Unknown,India,2020-07-30 15:30:22,,,0.0,0,,0.0,,,,,,35636,IND,,
Miyazaki,Japan,2020-07-30 15:30:22,32.193203999999994,131.299374,117.0,0,20,97.0,,10.90094950065266,,,0.0,39225,JPN,,
Okayama,Japan,2020-07-30 15:30:22,34.89246,133.826252,76.0,0,39,37.0,,4.022045040553857,,,0.0,39231,JPN,,
Sachsen-Anhalt,Germany,2020-07-30 15:30:22,51.9503,11.6923,2017.0,64,1872,81.0,,91.33635916155305,,,3.173029251363411,27614,DEU,,
Adygea Republic,Russia,2020-07-30 15:30:22,44.6939006,40.1520421,2714.0,20,2081,613.0,,598.6201298701299,,,0.7369196757553427,64301,RUS,,
Alberta,Canada,2020-07-30 15:30:22,53.9333,-116.5765,10603.0,190,8983,1430.0,,240.25944303678148,,,1.7919456757521457,12401,CAN,,
Stockholm,Sweden,2020-07-30 15:30:22,59.6025,18.1384,23239.0,2387,,,,977.6276029298118,,,10.271526313524678,75215,SWE,,
Orebro,Sweden,2020-07-30 15:30:22,59.535,15.0066,2491.0,171,,,,817.2438116172635,,,6.864712966680048,75211,SWE,,
Unknown,Chile,2020-07-30 15:30:22,,,45.0,1,44,0.0,,,,,2.2222222222222223,15217,CHL,,
Nuble,Chile,2020-07-30 15:30:22,-36.7226,-71.7622,3479.0,60,3147,272.0,,723.8732524775858,,,1.7246335153779822,15213,CHL,,
Abruzzo,Italy,2020-07-30 15:30:22,42.35122196,13.39843823,3377.0,472,2799,106.0,,257.4757163116241,,,13.97690257625111,38013,ITA,,
Puglia,Italy,2020-07-30 15:30:22,41.12559576,16.86736689,4609.0,551,3964,94.0,,114.39412685809792,,,11.954870904751573,38016,ITA,,
Asturias,Spain,2020-07-30 15:30:22,43.3614,-5.8593,2480.0,334,1063,1083.0,,242.6127831501509,,,13.46774193548387,72403,ESP,,
Pais Vasco,Spain,2020-07-30 15:30:22,42.9896,-2.6189,15754.0,1566,16160,-1972.0,,723.3640053630136,,,9.940332613939317,72418,ESP,,
Voronezh Oblast,Russia,2020-07-30 15:30:22,50.9800393,40.15065070000001,11065.0,80,8976,2009.0,,474.12596282064027,,,0.7230004518752824,64380,RUS,,
Chuvashia Republic,Russia,2020-07-30 15:30:22,55.4259922,47.0849429,6694.0,51,3680,2963.0,,543.7338612008444,,,0.7618763071407231,64314,RUS,,
Omsk Oblast,Russia,2020-07-30 15:30:22,56.09352629999999,73.5099936,6643.0,68,4176,2399.0,,338.91456526541504,,,1.0236339003462291,64351,RUS,,
Shanghai,China,2020-07-30 15:30:22,31.201999999999998,121.4491,744.0,7,720,17.0,,3.0693069306930694,,,0.9408602150537635,15624,CHN,,
Guangdong,China,2020-07-30 15:30:22,23.3417,113.4244,1675.0,8,1651,16.0,,1.476291203948528,,,0.47761194029850745,15606,CHN,,
Chiapas,Mexico,2020-07-30 15:30:22,16.7569,-93.1292,5710.0,890,4660,160.0,,99.64457773821468,,,15.586690017513135,48405,MEX,,
Durango,Mexico,2020-07-30 15:30:22,24.5593,-104.6588,3869.0,272,3001,596.0,,207.009538811212,,,7.030240372189196,48410,MEX,,
Sonora,Mexico,2020-07-30 15:30:22,29.2972,-110.3309,17259.0,1879,14424,956.0,,561.3148407428909,,,10.887073410973985,48426,MEX,,
Tokushima,Japan,2020-07-30 15:30:22,33.919178,134.242091,24.0,1,8,15.0,,3.296807454081654,,,4.166666666666667,39240,JPN,,
Cajamarca,Peru,2020-07-30 15:30:22,-6.4302839999999994,-78.74559599999999,5560.0,201,,5359.0,,382.47231203136823,,,3.615107913669065,60406,PER,,
Tacna,Peru,2020-07-30 15:30:22,-17.644160999999997,-70.27756,2616.0,30,,2586.0,,705.1212938005391,,,1.146788990825688,60423,PER,,
San Martin,Peru,2020-07-30 15:30:22,-7.039531,-76.729127,8258.0,319,,7939.0,,917.9635393508225,,,3.8629208040687817,60422,PER,,
Atlantico,Colombia,2020-07-30 15:30:22,10.6966,-74.8741,50732.0,2475,35585,12672.0,,2000.8542636472166,,,4.878577623590633,17004,COL,,
La Guajira,Colombia,2020-07-30 15:30:22,11.3548,-72.5205,2020.0,112,1008,900.0,,229.39947306259654,,,5.544554455445544,17019,COL,,
Meta,Colombia,2020-07-30 15:30:22,3.272,-73.0877,2469.0,30,1669,770.0,,237.46732299595467,,,1.2150668286755772,17021,COL,,
Santander,Colombia,2020-07-30 15:30:22,6.6437,-73.6536,3289.0,79,1169,2041.0,,150.53754582149605,,,2.4019458802067497,17028,COL,,
Bolivar,Colombia,2020-07-30 15:30:22,8.6704,-74.03,17621.0,571,12690,4360.0,,851.2108052229108,,,3.240451733726803,17005,COL,,
Tyumen Oblast,Russia,2020-07-30 15:30:22,58.8206488,70.36588370000001,5755.0,25,4372,1358.0,,155.86068681616294,,,0.43440486533449174,64373,RUS,,
Manitoba,Canada,2020-07-30 15:30:22,53.7609,-98.8139,407.0,8,325,74.0,,29.54591485985291,,,1.9656019656019657,12403,CAN,,
Gavleborg,Sweden,2020-07-30 15:30:22,61.3012,16.1534,3134.0,160,,,,1090.534549832627,,,5.105296745373325,75203,SWE,,
Kherson Oblast,Ukraine,2020-07-30 15:30:22,46.6354,32.6169,224.0,3,201,20.0,,21.58744844069234,,,1.3392857142857142,80409,UKR,,
Odessa Oblast,Ukraine,2020-07-30 15:30:22,46.4846,30.7326,3150.0,44,1278,1828.0,,132.3358153650704,,,1.3968253968253967,80417,UKR,,
Islamabad,Pakistan,2020-07-30 15:30:22,33.665087,73.121219,14987.0,165,12377,2445.0,,746.8957007274097,,,1.100954160272236,58604,PAK,,
Punjab,Pakistan,2020-07-30 15:30:22,30.811346,72.13913199999999,92655.0,2138,82520,7997.0,,84.22229187494993,,,2.307484755274945,58606,PAK,,
Castilla - La Mancha,Spain,2020-07-30 15:30:22,39.2796,-3.0977,18651.0,3032,6392,9227.0,,916.5664558594942,,,16.25650099190392,72407,ESP,,
Murcia,Spain,2020-07-30 15:30:22,37.9922,-1.1307,2199.0,148,2180,-129.0,,147.81573514969452,,,6.730331969076853,72416,ESP,,
Roraima,Brazil,2020-07-30 15:30:22,-2.7376,-62.0751,30996.0,493,8876,21627.0,,5116.869524449412,,,1.590527810040005,7623,BRA,,
Mayotte,France,2020-07-30 15:30:22,-12.8275,45.166244,2962.0,39,2721,202.0,,1085.7253869866904,,,1.3166779203241052,175,MYT,,
Martinique,France,2020-07-30 15:30:22,14.6415,-61.0242,269.0,15,98,156.0,,71.68267757451402,,,5.5762081784386615,474,MTQ,,
Falkland Islands (Malvinas),United Kingdom,2020-07-30 15:30:22,-51.7963,-59.5236,13.0,0,13,0.0,,373.2414585127763,,,0.0,238,FLK,,
British Virgin Islands,United Kingdom,2020-07-30 15:30:22,18.4207,-64.64,8.0,1,7,0.0,,26.457651222012768,,,12.5,92,VGB,,
Unknown,Netherlands,2020-07-30 15:30:22,,,512.0,18,,494.0,,,,,3.515625,52813,NLD,,
Rostov Oblast,Russia,2020-07-30 15:30:22,47.6222451,40.7957942,12808.0,219,10285,2304.0,,303.474604141926,,,1.7098688319800124,64358,RUS,,
Chelyabinsk Oblast,Russia,2020-07-30 15:30:22,54.4223954,61.1865846,11080.0,92,6435,4553.0,,317.20257105852903,,,0.8303249097472925,64312,RUS,,
Bryansk Oblast,Russia,2020-07-30 15:30:22,52.887331499999995,33.415853000000006,7340.0,35,5863,1442.0,,606.1196615639209,,,0.4768392370572207,64309,RUS,,
Penza Oblast,Russia,2020-07-30 15:30:22,53.1655415,44.787918100000006,6452.0,81,5506,865.0,,484.50987680743134,,,1.2554246745195288,64354,RUS,,
Tyva Republic,Russia,2020-07-30 15:30:22,51.401714899999995,93.8582593,6080.0,55,4010,2015.0,,1889.830350426766,,,0.9046052631578947,64374,RUS,,
Karelia Republic,Russia,2020-07-30 15:30:22,62.61940309999999,33.4920267,2245.0,12,1369,864.0,,360.6518400472944,,,0.534521158129176,64326,RUS,,
Heilongjiang,China,2020-07-30 15:30:22,47.861999999999995,127.7615,947.0,13,934,0.0,,2.5099390405512856,,,1.3727560718057021,15611,CHN,,
Puebla,Mexico,2020-07-30 15:30:22,19.0414,-98.2063,19232.0,2336,14880,2016.0,,291.1975575259776,,,12.146422628951747,48421,MEX,,
Yucatan,Mexico,2020-07-30 15:30:22,20.7099,-89.0943,9090.0,841,6544,1705.0,,402.37298249124206,,,9.251925192519252,48431,MEX,,
Assam,India,2020-07-30 15:30:22,26.357149,92.83044100000001,36295.0,92,27832,8371.0,,101.93209269661541,,,0.2534784405565505,35604,IND,,
Jammu and Kashmir,India,2020-07-30 15:30:22,33.75943,76.612638,19419.0,348,11322,7749.0,,142.720441677103,,,1.7920593233431175,35614,IND,,
Rajasthan,India,2020-07-30 15:30:22,26.583423,73.847973,38964.0,650,27569,10745.0,,48.08429842430627,,,1.668206549635561,35628,IND,,
Kagawa,Japan,2020-07-30 15:30:22,34.217292,133.969047,46.0,0,39,7.0,,4.8099696030834,,,0.0,39217,JPN,,
Pasco,Peru,2020-07-30 15:30:22,-10.39655,-75.307635,1826.0,43,,1783.0,,671.5704303052593,,,2.3548740416210294,60419,PER,,
Ucayali,Peru,2020-07-30 15:30:22,-9.621718,-73.444929,9737.0,231,,9506.0,,1652.8602953658124,,,2.3723939611790077,60425,PER,,
Aichi,Japan,2020-07-30 15:30:22,35.035551,137.211621,1607.0,35,529,1043.0,,21.278457951343967,,,2.177971375233354,39201,JPN,,
Hokkaido,Japan,2020-07-30 15:30:22,43.385711,142.55231799999999,1404.0,103,1214,87.0,,26.742607545186722,,,7.336182336182336,39212,JPN,,
Hyogo,Japan,2020-07-30 15:30:22,35.039913,134.828057,1159.0,45,811,303.0,,21.203068316322703,,,3.882657463330457,39213,JPN,,
Ishikawa,Japan,2020-07-30 15:30:22,36.769464,136.771027,320.0,27,273,20.0,,28.128183648911044,,,8.4375,39215,JPN,,
Amazonas,Colombia,2020-07-30 15:30:22,-1.4429,-71.5724,2508.0,102,2315,91.0,,3274.621681964773,,,4.0669856459330145,17001,COL,,
Norte de Santander,Colombia,2020-07-30 15:30:22,7.9463,-72.8988,2031.0,87,514,1430.0,,136.1543860684097,,,4.283604135893649,17023,COL,,
Tolima,Colombia,2020-07-30 15:30:22,4.0925,-75.1545,2286.0,47,1345,894.0,,171.85553610131507,,,2.055993000874891,17030,COL,,
Baden-Wurttemberg,Germany,2020-07-30 15:30:22,48.6616,9.3501,37124.0,1845,34400,879.0,,335.3709682242241,,,4.969830837194268,27601,DEU,,
Hamburg,Germany,2020-07-30 15:30:22,53.5511,9.9937,5385.0,261,5000,124.0,,292.475636535068,,,4.846796657381615,27606,DEU,,
Perm Krai,Russia,2020-07-30 15:30:22,58.5951603,56.3159546,5794.0,150,4226,1418.0,,220.88183469926295,,,2.5888850535036245,64355,RUS,,
Komi Republic,Russia,2020-07-30 15:30:22,63.9881421,54.3326073,5259.0,50,3918,1291.0,,625.4214370065396,,,0.9507510933637574,64332,RUS,,
Liaoning,China,2020-07-30 15:30:22,41.2956,122.6085,222.0,2,160,60.0,,0.5092911218169305,,,0.9009009009009009,15619,CHN,,
Baja California,Mexico,2020-07-30 15:30:22,30.8406,-115.2838,13223.0,2572,9918,733.0,,363.7821235874315,,,19.45095666641458,48402,MEX,,
Halland,Sweden,2020-07-30 15:30:22,56.8967,12.8034,1758.0,78,,,,526.5869497495867,,,4.436860068259386,75205,SWE,,
Vinnytsia Oblast,Ukraine,2020-07-30 15:30:22,49.2331,28.4682,2698.0,50,2015,633.0,,172.90504834035505,,,1.8532246108228316,80423,UKR,,
Khyber Pakhtunkhwa,Pakistan,2020-07-30 15:30:22,34.485332,72.09169,33845.0,1192,28317,4336.0,,110.8822482287425,,,3.5219382478948145,58605,PAK,,
Acre,Brazil,2020-07-30 15:30:22,-9.0238,-70.812,19366.0,510,13724,5132.0,,2195.85343591081,,,2.633481359082929,7601,BRA,,
Ceara,Brazil,2020-07-30 15:30:22,-5.4984,-39.3206,169072.0,7643,141449,19980.0,,1851.407751882978,,,4.520559288350525,7606,BRA,,
Distrito Federal,Brazil,2020-07-30 15:30:22,-15.7998,-47.8645,102342.0,1419,85179,15744.0,,3394.1261605933537,,,1.3865275253561589,7607,BRA,,
Friesland,Netherlands,2020-07-30 15:30:22,53.087337,5.7925,650.0,69,,581.0,,100.00661582227747,,,10.615384615384615,52803,NLD,,
Novosibirsk Oblast,Russia,2020-07-30 15:30:22,54.9720169,79.48139240000002,9241.0,223,7425,1593.0,,331.3553369149782,,,2.413158749053133,64350,RUS,,
Dagestan Republic,Russia,2020-07-30 15:30:22,43.057491600000006,47.1332224,9223.0,445,8174,604.0,,301.02304753605307,,,4.824894286024071,64315,RUS,,
Chechen Republic,Russia,2020-07-30 15:30:22,43.397614700000005,45.6985005,2046.0,32,1357,657.0,,142.38184081765868,,,1.5640273704789833,64311,RUS,,
British Columbia,Canada,2020-07-30 15:30:22,53.7267,-127.6476,3562.0,194,3109,259.0,,69.6939512028859,,,5.446378439079169,12402,CAN,,
Jalisco,Mexico,2020-07-30 15:30:22,20.6595,-103.3494,12568.0,1478,9473,1617.0,,149.44659692095775,,,11.760025461489498,48414,MEX,,
Meghalaya,India,2020-07-30 15:30:22,25.536934,91.278882,784.0,5,207,572.0,,23.28682898140915,,,0.6377551020408163,35622,IND,,
Punjab,India,2020-07-30 15:30:22,30.841465000000003,75.40879,14946.0,361,10213,4372.0,,49.58632773629788,,,2.415361969757795,35627,IND,,
Tripura,India,2020-07-30 15:30:22,23.746782999999997,91.743565,4485.0,21,2678,1786.0,,107.55927031407307,,,0.4682274247491639,35632,IND,,
Kochi,Japan,2020-07-30 15:30:22,33.422519,133.367307,80.0,3,73,4.0,,11.460841884792751,,,3.75,39220,JPN,,
Aomori,Japan,2020-07-30 15:30:22,40.781541,140.828896,34.0,1,29,4.0,,2.7279196964627705,,,2.9411764705882355,39203,JPN,,
Tottori,Japan,2020-07-30 15:30:22,35.359069,133.863619,10.0,0,4,6.0,,1.799992080034848,,,0.0,39242,JPN,,
Iwate,Japan,2020-07-30 15:30:22,39.593287,141.361777,2.0,0,,2.0,,0.16302363190568106,,,0.0,39216,JPN,,
Tasmania,Australia,2020-07-30 15:30:22,-42.8821,147.3272,229.0,13,215,1.0,,42.76377217553688,,,5.676855895196507,3606,AUS,,
Northern Territory,Australia,2020-07-30 15:30:22,-12.4634,130.8456,31.0,0,30,1.0,,12.62214983713355,,,0.0,3603,AUS,,
Arequipa,Peru,2020-07-30 15:30:22,-15.843523999999999,-72.475539,13206.0,718,,12488.0,,881.9286763723788,,,5.436922610934424,60404,PER,,
Kanagawa,Japan,2020-07-30 15:30:22,35.415312,139.338983,2433.0,99,1965,369.0,,26.450631792854917,,,4.06905055487053,39219,JPN,,
Capital District,Colombia,2020-07-30 15:30:22,4.711,-74.0721,95199.0,2517,42179,50503.0,,1284.292106134367,,,2.6439353354552044,17008,COL,,
Putumayo,Colombia,2020-07-30 15:30:22,0.436,-75.5277,777.0,28,73,676.0,,223.15915239730944,,,3.6036036036036037,17024,COL,,
Novgorod Oblast,Russia,2020-07-30 15:30:22,58.2843833,32.516975699999996,3729.0,71,2482,1176.0,,614.8635725074034,,,1.9039957093054438,64349,RUS,,
Beijing,China,2020-07-30 15:30:22,40.1824,116.4142,933.0,9,901,23.0,,4.3314763231197775,,,0.9646302250803859,15602,CHN,,
Coahuila,Mexico,2020-07-30 15:30:22,27.0587,-101.7068,12090.0,595,9268,2227.0,,375.61515136451754,,,4.921422663358147,48408,MEX,,
Valparaiso,Chile,2020-07-30 15:30:22,-33.0472,-71.6127,17256.0,471,15410,1375.0,,950.2715454908911,,,2.7294853963838666,15216,CHL,,
Molise,Italy,2020-07-30 15:30:22,41.55774754,14.65916051,470.0,23,421,26.0,,153.78725659894573,,,4.8936170212765955,38014,ITA,,
P.A. Trento,Italy,2020-07-30 15:30:22,46.06893511,11.12123097,4973.0,405,4467,101.0,,918.5139762623334,,,8.14397747838327,38042,ITA,,
Poltava Oblast,Ukraine,2020-07-30 15:30:22,49.5883,34.5514,431.0,15,326,90.0,,30.776063791425404,,,3.480278422273782,80418,UKR,,
Sumy Oblast,Ukraine,2020-07-30 15:30:22,50.9077,34.7981,484.0,8,337,139.0,,44.75605177646386,,,1.6528925619834711,80421,UKR,,
Chernihiv Oblast,Ukraine,2020-07-30 15:30:22,51.4982,31.2893,789.0,18,528,243.0,,78.44930872139558,,,2.2813688212927756,80402,UKR,,
Kiev,Ukraine,2020-07-30 15:30:22,50.4501,30.5234,8131.0,132,2877,5122.0,,275.552392571506,,,1.6234165539294059,80411,UKR,,
Kiev Oblast,Ukraine,2020-07-30 15:30:22,50.053000000000004,30.7667,3672.0,62,2638,972.0,,207.69935631299705,,,1.6884531590413943,80412,UKR,,
Sindh,Pakistan,2020-07-30 15:30:22,26.009446,68.77680699999999,120052.0,2189,109544,8319.0,,250.70348774427023,,,1.8233765368340387,58607,PAK,,
Montserrat,United Kingdom,2020-07-30 15:30:22,16.742498,-62.187366000000004,12.0,1,10,1.0,,240.04800960192037,,,8.333333333333334,500,MSR,,
Saint Pierre and Miquelon,France,2020-07-30 15:30:22,46.8852,-56.3159,4.0,0,1,3.0,,69.02502157031924,,,0.0,666,SPM,,
Flevoland,Netherlands,2020-07-30 15:30:22,52.550383,5.515162,998.0,93,,905.0,,235.9220937022039,,,9.318637274549099,52802,NLD,,
Kursk Oblast,Russia,2020-07-30 15:30:22,51.6568453,36.4852695,6189.0,49,4701,1439.0,,554.949306739285,,,0.7917272580384553,64337,RUS,,
Shandong,China,2020-07-30 15:30:22,36.3427,118.1498,799.0,7,785,7.0,,0.7952622673434856,,,0.8760951188986232,15623,CHN,,
Guerrero,Mexico,2020-07-30 15:30:22,17.4392,-99.5451,10398.0,1361,7627,1410.0,,284.327687249388,,,13.089055587613002,48412,MEX,,
Nuevo Leon,Mexico,2020-07-30 15:30:22,25.5922,-99.9962,16056.0,982,12010,3064.0,,286.1954032269708,,,6.116093672147484,48419,MEX,,
Tabasco,Mexico,2020-07-30 15:30:22,17.8409,-92.6189,20615.0,1928,16487,2200.0,,801.4269014305169,,,9.352413291292748,48427,MEX,,
Andhra Pradesh,India,2020-07-30 15:30:22,15.9129,79.74,120390.0,1213,55406,63771.0,,223.34401101615254,,,1.0075587673394801,35602,IND,,
Unknown,Japan,2020-07-30 15:30:22,,,8.0,0,8,0.0,,,,,0.0,39249,JPN,,
Callao,Peru,2020-07-30 15:30:22,-11.954609,-77.136042,20898.0,1020,,19878.0,,1849.544207451987,,,4.880849842090152,60407,PER,,
La Libertad,Peru,2020-07-30 15:30:22,-7.92139,-78.370238,14722.0,1327,,13395.0,,729.9682665608885,,,9.01372096182584,60413,PER,,
Chiba,Japan,2020-07-30 15:30:22,35.510141,140.198917,1621.0,48,1207,366.0,,25.89712530725877,,,2.961135101789019,39204,JPN,,
Okinawa,Japan,2020-07-30 15:30:22,25.768923,126.668016,327.0,7,145,175.0,,22.502559924248263,,,2.140672782874618,39232,JPN,,
Hiroshima,Japan,2020-07-30 15:30:22,34.605309000000005,132.788719,305.0,3,215,87.0,,10.876631539307255,,,0.9836065573770492,39211,JPN,,
Shizuoka,Japan,2020-07-30 15:30:22,34.916975,138.40778400000002,250.0,1,107,142.0,,6.86148150913071,,,0.4,39238,JPN,,
Kumamoto,Japan,2020-07-30 15:30:22,32.608154,130.74523100000002,160.0,3,48,109.0,,9.155586023311267,,,1.875,39221,JPN,,
Victoria,Australia,2020-07-30 15:30:22,-37.8136,144.9631,9998.0,106,4259,5633.0,,150.80167121676044,,,1.0602120424084818,3607,AUS,,
Queensland,Australia,2020-07-30 15:30:22,-27.4698,153.0251,1082.0,6,1065,11.0,,21.151402599941356,,,0.5545286506469501,3604,AUS,,
Niedersachsen,Germany,2020-07-30 15:30:22,52.6367,9.8451,14382.0,651,13300,431.0,,180.17029362421152,,,4.526491447642887,27609,DEU,,
Bremen,Germany,2020-07-30 15:30:22,53.0793,8.8017,1766.0,55,1645,66.0,,258.570453859962,,,3.114382785956965,27605,DEU,,
Moscow,Russia,2020-07-30 15:30:22,55.7504461,37.6174943,240664.0,4446,177908,58310.0,,1924.3162817831542,,,1.8473888907356315,64343,RUS,,
Orel Oblast,Russia,2020-07-30 15:30:22,52.96854329999999,36.0692477,5614.0,89,4295,1230.0,,751.291072429866,,,1.5853224082650517,64352,RUS,,
Astrakhan Oblast,Russia,2020-07-30 15:30:22,47.1878186,47.608851,4538.0,47,3599,892.0,,445.98894953779507,,,1.0356985456148082,64306,RUS,,
Skane,Sweden,2020-07-30 15:30:22,55.9903,13.5958,3653.0,264,,,,265.12762487598224,,,7.226936764303312,75213,SWE,,
Vastra Gotaland,Sweden,2020-07-30 15:30:22,58.2528,13.0596,18065.0,836,,,,1046.7117953091783,,,4.62773318571824,75221,SWE,,
Metropolitana,Chile,2020-07-30 15:30:22,-33.4376,-70.6505,254354.0,7477,239876,7001.0,,3575.9998020472367,,,2.939603859188375,15212,CHL,,
OHiggins,Chile,2020-07-30 15:30:22,-34.5755,-71.0022,10415.0,220,9314,881.0,,1138.8052112776159,,,2.112337974075852,15214,CHL,,
Los Lagos,Chile,2020-07-30 15:30:22,-41.9198,-72.1416,3702.0,34,2846,822.0,,446.7194717560347,,,0.9184224743381956,15208,CHL,,
Cherkasy Oblast,Ukraine,2020-07-30 15:30:22,49.4444,32.0598,919.0,37,700,182.0,,76.1801498900403,,,4.026115342763874,80401,UKR,,
Balochistan,Pakistan,2020-07-30 15:30:22,28.328491999999997,65.898403,11708.0,136,10097,1475.0,,94.84456443759798,,,1.1615989067304406,58602,PAK,,
Navarra,Spain,2020-07-30 15:30:22,42.6954,-1.6761,6569.0,529,3905,2135.0,,1010.6993504075723,,,8.052976099862994,72417,ESP,,
Amapa,Brazil,2020-07-30 15:30:22,0.902,-52.003,35973.0,559,24398,11016.0,,4253.48012547725,,,1.5539432352041809,7603,BRA,,
Sint Maarten,Netherlands,2020-07-30 15:30:22,18.0425,-63.0548,126.0,15,64,47.0,,293.8295788442703,,,11.904761904761905,534,SXM,,
Gelderland,Netherlands,2020-07-30 15:30:22,52.061738,5.939114,6605.0,684,,5921.0,,316.6419936796245,,,10.355791067373202,52804,NLD,,
Ulyanovsk Oblast,Russia,2020-07-30 15:30:22,54.146317700000004,47.2324921,8995.0,73,6273,2649.0,,721.5522317181366,,,0.811561978877154,64376,RUS,,
Dadra and Nagar Haveli and Daman and Diu,India,2020-07-30 15:30:22,20.194742,73.080901,1026.0,2,648,376.0,,166.63310184433286,,,0.1949317738791423,35608,IND,,
Jharkhand,India,2020-07-30 15:30:22,23.654536,85.557631,9861.0,98,4035,5728.0,,25.55063814668559,,,0.9938140148058007,35615,IND,,
Maharashtra,India,2020-07-30 15:30:22,19.449759,76.108221,400651.0,14463,239755,146433.0,,325.3510316923271,,,3.609874928553779,35620,IND,,
Shimane,Japan,2020-07-30 15:30:22,35.07076,132.55406399999998,30.0,0,26,4.0,,4.44875479353329,,,0.0,39237,JPN,,
Ica,Peru,2020-07-30 15:30:22,-14.235097,-75.574821,11541.0,804,,10737.0,,1183.4495488105003,,,6.966467377177021,60411,PER,,
Kyoto,Japan,2020-07-30 15:30:22,35.253815,135.443341,758.0,20,478,260.0,,29.346210564093788,,,2.638522427440633,39222,JPN,,
Arauca,Colombia,2020-07-30 15:30:22,7.0762,-70.7105,200.0,1,133,66.0,,76.28521516244936,,,0.5,17003,COL,,
Cundinamarca,Colombia,2020-07-30 15:30:22,5.026,-74.03,7720.0,198,4076,3446.0,,264.4686988277048,,,2.564766839378238,17015,COL,,
Narino,Colombia,2020-07-30 15:30:22,1.2892,-77.3579,7494.0,235,4118,3141.0,,459.58768349163984,,,3.1358420069388844,17022,COL,,
Sverdlovsk Oblast,Russia,2020-07-30 15:30:22,58.6414755,61.802154599999994,20372.0,264,16375,3733.0,,471.0010228296314,,,1.2958963282937366,64367,RUS,,
Belgorod Oblast,Russia,2020-07-30 15:30:22,50.7080119,37.5837615,5910.0,47,5528,335.0,,381.3208282469049,,,0.7952622673434856,64308,RUS,,
Buryatia Republic,Russia,2020-07-30 15:30:22,52.718242599999996,109.492143,4046.0,39,3278,729.0,,410.96544375837345,,,0.9639149777558083,64310,RUS,,
Ingushetia Republic,Russia,2020-07-30 15:30:22,43.11542075,45.01713552,3665.0,73,2917,675.0,,750.9584196474491,,,1.9918144611186903,64316,RUS,,
Kaliningrad Oblast,Russia,2020-07-30 15:30:22,54.7293041,21.1489473,2854.0,45,2346,463.0,,286.94981595597824,,,1.5767344078486334,64321,RUS,,
Hong Kong SAR,China,2020-07-30 15:30:22,22.3,114.2,3151.0,24,1591,1536.0,,42.0302126667403,,,0.7616629641383688,344,HKG,,
Friuli Venezia Giulia,Italy,2020-07-30 15:30:22,45.6494354,13.76813649,3391.0,345,2924,122.0,,279.0441236977667,,,10.173989973459157,38006,ITA,,
Rivne Oblast,Ukraine,2020-07-30 15:30:22,50.6199,26.2516,5942.0,93,4640,1209.0,,513.436003252395,,,1.5651295859979806,80419,UKR,,
Sevastopol*,Ukraine,2020-07-30 15:30:22,44.6054,33.522,343.0,9,276,58.0,,77.38977597577677,,,2.623906705539359,80420,UKR,,
Catalonia,Spain,2020-07-30 15:30:22,41.5912,1.5209,77142.0,5685,26203,45254.0,,1019.5295509864559,,,7.369526328070312,72409,ESP,,
Para,Brazil,2020-07-30 15:30:22,-1.9981,-54.9306,151849.0,5694,138373,7782.0,,1765.0980225773624,,,3.7497777397282825,7614,BRA,,
Guadeloupe,France,2020-07-30 15:30:22,16.265,-61.551,244.0,14,176,54.0,,60.980638647229505,,,5.737704918032787,312,GLP,,
Turks and Caicos Islands,United Kingdom,2020-07-30 15:30:22,21.694000000000003,-71.7979,104.0,2,37,65.0,,268.60891574978046,,,1.9230769230769231,796,TCA,,
Saint Barthelemy,France,2020-07-30 15:30:22,17.9,-62.8333,7.0,0,6,1.0,,70.81436519979768,,,0.0,652,BLM,,
Ryazan Oblast,Russia,2020-07-30 15:30:22,54.422673200000006,40.570524600000006,6266.0,29,5833,404.0,,558.7289584956941,,,0.46281519310564956,64359,RUS,,
Tambov Oblast,Russia,2020-07-30 15:30:22,52.9019574,41.3578918,5959.0,30,4790,1139.0,,576.5554127900676,,,0.5034401745259272,64368,RUS,,
Kurgan Oblast,Russia,2020-07-30 15:30:22,55.7655302,64.5632681,2199.0,9,1543,647.0,,260.07141023988305,,,0.4092769440654843,64336,RUS,,
Kostroma Oblast,Russia,2020-07-30 15:30:22,58.424756,44.253327299999995,2175.0,26,1621,528.0,,338.0878064552232,,,1.1954022988505748,64333,RUS,,
Nenets Autonomous Okrug,Russia,2020-07-30 15:30:22,68.27557185,57.1686375,273.0,0,82,191.0,,620.4968520580949,,,0.0,64346,RUS,,
Delhi,India,2020-07-30 15:30:22,28.646519,77.10898,133310.0,3907,118633,10770.0,,712.4715714169511,,,2.930762883504613,35609,IND,,
Ladakh,India,2020-07-30 15:30:22,34.1526,77.5771,1347.0,6,1080,261.0,,491.0878671765911,,,0.44543429844098,35618,IND,,
Nagaland,India,2020-07-30 15:30:22,26.06702,94.470302,1513.0,5,595,913.0,,67.25356103827407,,,0.3304692663582287,35624,IND,,
Puducherry,India,2020-07-30 15:30:22,11.882658000000001,78.86498,3177.0,47,1874,1256.0,,224.75455274763678,,,1.4793830657853322,35626,IND,,
Sikkim,India,2020-07-30 15:30:22,27.571671000000002,88.472712,596.0,1,198,397.0,,86.3454018900371,,,0.16778523489932887,35629,IND,,
Uttarakhand,India,2020-07-30 15:30:22,30.156446999999996,79.197608,6866.0,72,3811,2983.0,,61.02645682667046,,,1.0486454995630643,35634,IND,,
Nagano,Japan,2020-07-30 15:30:22,36.132134,138.045528,102.0,0,82,20.0,,4.978548313882828,,,0.0,39226,JPN,,
Saga,Japan,2020-07-30 15:30:22,33.286977,130.115738,73.0,0,49,24.0,,8.960232524171149,,,0.0,39234,JPN,,
Piura,Peru,2020-07-30 15:30:22,-5.133361,-80.335861,20802.0,1251,,19551.0,,1015.72265625,,,6.01384482261321,60420,PER,,
Huanuco,Peru,2020-07-30 15:30:22,-9.421676,-76.040642,5969.0,191,,5778.0,,785.0848349335788,,,3.1998659742000335,60410,PER,,
Tumbes,Peru,2020-07-30 15:30:22,-3.857496,-80.54525500000001,4090.0,209,,3881.0,,1626.2425447316105,,,5.11002444987775,60424,PER,,
Lima,Peru,2020-07-30 15:30:22,-11.766533,-76.60449799999999,211164.0,8892,,,,1986.771416474573,,,4.21094504745127,60415,PER,,
Unknown,Peru,2020-07-30 15:30:22,,,0.0,0,280044,-280044.0,,,,,,60426,PER,,
Miyagi,Japan,2020-07-30 15:30:22,38.446859,140.927086,157.0,1,138,18.0,,6.807248635840381,,,0.6369426751592356,39224,JPN,,
Caqueta,Colombia,2020-07-30 15:30:22,0.8699,-73.8419,816.0,16,128,672.0,,203.24342634542913,,,1.9607843137254901,17009,COL,,
Choco,Colombia,2020-07-30 15:30:22,5.2528,-76.82600000000001,2931.0,100,2046,785.0,,548.0287046628249,,,3.4118048447628797,17013,COL,,
Guainia,Colombia,2020-07-30 15:30:22,2.5854,-68.5247,14.0,1,13,0.0,,29.097559961757494,,,7.142857142857143,17016,COL,,
Guaviare,Colombia,2020-07-30 15:30:22,1.0654,-73.2603,85.0,0,48,37.0,,102.69793516739763,,,0.0,17017,COL,,
Saarland,Germany,2020-07-30 15:30:22,49.3964,7.023,2857.0,174,2620,63.0,,288.4375608904109,,,6.090304515225761,27612,DEU,,
Karachay-Cherkess Republic,Russia,2020-07-30 15:30:22,43.7368326,41.7267991,4433.0,21,3132,1280.0,,950.6653370647966,,,0.4737198285585382,64325,RUS,,
Vologda Oblast,Russia,2020-07-30 15:30:22,60.0391461,43.1215213,2378.0,24,1960,394.0,,202.0924815308038,,,1.0092514718250631,64379,RUS,,
Aguascalientes,Mexico,2020-07-30 15:30:22,21.8853,-102.2916,3927.0,247,3260,420.0,,273.7281608213936,,,6.289788642729819,48401,MEX,,
Antofagasta,Chile,2020-07-30 15:30:22,-23.6509,-70.3975,14510.0,335,13013,1162.0,,2388.3436976366756,,,2.3087525844245347,15201,CHL,,
Atacama,Chile,2020-07-30 15:30:22,-27.5661,-70.0503,2463.0,12,1873,578.0,,852.4143086549643,,,0.48721071863581,15204,CHL,,
Maule,Chile,2020-07-30 15:30:22,-35.5183,-71.6885,8830.0,164,7725,941.0,,845.0165079668884,,,1.857304643261608,15211,CHL,,
Campania,Italy,2020-07-30 15:30:22,40.83956555,14.25084984,4990.0,434,4157,399.0,,86.0093917429605,,,8.697394789579159,38015,ITA,,
Piemonte,Italy,2020-07-30 15:30:22,45.0732745,7.680687483,31646.0,4128,26728,790.0,,726.4244884429963,,,13.044302597484673,38001,ITA,,
Ivano-Frankivsk Oblast,Ukraine,2020-07-30 15:30:22,48.9226,24.7111,4446.0,136,1591,2719.0,,323.7570380381751,,,3.0589293747188484,80407,UKR,,
Volyn Oblast,Ukraine,2020-07-30 15:30:22,50.7472,25.3254,3735.0,84,2724,927.0,,360.75454203007735,,,2.248995983935743,80424,UKR,,
Azad Jammu and Kashmir,Pakistan,2020-07-30 15:30:22,34.027401,73.947253,2065.0,51,1583,431.0,,51.04606109805639,,,2.469733656174334,58601,PAK,,
Ceuta,Spain,2020-07-30 15:30:22,35.8894,-5.3213,165.0,4,163,-2.0,,194.50895330606278,,,2.4242424242424243,72410,ESP,,
La Rioja,Spain,2020-07-30 15:30:22,42.2871,-2.5396,4191.0,366,3107,718.0,,1336.539412126759,,,8.732999284180387,72419,ESP,,
Goias,Brazil,2020-07-30 15:30:22,-15.827,-49.8362,63658.0,1554,56413,5691.0,,907.0217888695839,,,2.4411700021992524,7609,BRA,,
Rio de Janeiro,Brazil,2020-07-30 15:30:22,-22.9068,-43.1729,161647.0,13198,138498,9951.0,,936.2730013067521,,,8.164704572308796,7619,BRA,,
Zuid-Holland,Netherlands,2020-07-30 15:30:22,51.937835,4.462114,12904.0,1310,,11594.0,,347.9390060549584,,,10.151890886546807,52812,NLD,,
Stavropol Krai,Russia,2020-07-30 15:30:22,44.863257700000005,43.4406913,8109.0,154,5377,2578.0,,289.5374470573869,,,1.8991244296460723,64366,RUS,,
Orenburg Oblast,Russia,2020-07-30 15:30:22,52.026926200000005,54.7276647,6809.0,46,5273,1490.0,,344.28533867281516,,,0.6755764429431634,64353,RUS,,
Jewish Autonomous Okrug,Russia,2020-07-30 15:30:22,48.57527615,132.66307460000002,532.0,8,455,69.0,,328.3666843606108,,,1.5037593984962405,64319,RUS,,
Chukotka Autonomous Okrug,Russia,2020-07-30 15:30:22,66.0006475,169.4900869,152.0,1,148,3.0,,308.0165356245441,,,0.6578947368421053,64313,RUS,,
Zhejiang,China,2020-07-30 15:30:22,29.1832,120.0934,1270.0,1,1268,1.0,,2.2137005403521006,,,0.07874015748031496,15631,CHN,,
Ningxia,China,2020-07-30 15:30:22,37.2692,106.1655,75.0,0,75,0.0,,1.0901162790697674,,,0.0,15620,CHN,,
Odisha,India,2020-07-30 15:30:22,20.505428,84.418059,29175.0,159,18939,10077.0,,62.936383191992704,,,0.5449871465295629,35625,IND,,
Wakayama,Japan,2020-07-30 15:30:22,33.911879,135.505446,142.0,3,90,49.0,,15.352463367616897,,,2.112676056338028,39244,JPN,,
Mie,Japan,2020-07-30 15:30:22,34.508018,136.376013,90.0,1,52,37.0,,5.053675650604588,,,1.1111111111111112,39223,JPN,,
Australian Capital Territory,Australia,2020-07-30 15:30:22,-35.4735,149.0124,113.0,3,109,1.0,,26.395701938799345,,,2.6548672566371683,3601,AUS,,
Tokyo,Japan,2020-07-30 15:30:22,35.711343,139.446921,12238.0,330,9109,2799.0,,87.91247945589947,,,2.6965190390586695,39241,JPN,,
Nara,Japan,2020-07-30 15:30:22,34.317451,135.871644,228.0,2,153,73.0,,17.14127189741099,,,0.8771929824561403,39228,JPN,,
Cauca,Colombia,2020-07-30 15:30:22,2.705,-76.82600000000001,1746.0,57,736,953.0,,119.22255423055702,,,3.2646048109965635,17011,COL,,
Rheinland-Pfalz,Germany,2020-07-30 15:30:22,50.1183,7.309,7488.0,239,6944,305.0,,183.3117739624818,,,3.1917735042735043,27611,DEU,,
Lipetsk Oblast,Russia,2020-07-30 15:30:22,52.693517799999995,39.112266399999996,4536.0,22,3632,882.0,,394.3658543158978,,,0.48500881834215165,64339,RUS,,
Mordovia Republic,Russia,2020-07-30 15:30:22,54.4419829,44.466114399999995,4457.0,34,3389,1034.0,,553.6260831544638,,,0.7628449629795827,64342,RUS,,
Tomsk Oblast,Russia,2020-07-30 15:30:22,58.6124279,82.04753149999999,4091.0,34,2593,1464.0,,379.4005267648477,,,0.8310926423857248,64370,RUS,,
Jonkoping,Sweden,2020-07-30 15:30:22,57.3708,14.3439,4671.0,179,,,,1284.6569985065967,,,3.8321558552772426,75207,SWE,,
Norrbotten,Sweden,2020-07-30 15:30:22,66.8309,20.3992,1592.0,83,,,,636.5631984901617,,,5.21356783919598,75210,SWE,,
Calabria,Italy,2020-07-30 15:30:22,38.90597598,16.59440194,1262.0,97,1072,93.0,,64.81330737377198,,,7.68621236133122,38018,ITA,,
Lombardia,Italy,2020-07-30 15:30:22,45.46679409,9.190347404,96142.0,16802,73305,6035.0,,955.6313586083656,,,17.47623307191446,38003,ITA,,
P.A. Bolzano,Italy,2020-07-30 15:30:22,46.49933453,11.35662422,2702.0,292,2318,92.0,,507.5913269887548,,,10.80680977054034,38041,ITA,,
Sardegna,Italy,2020-07-30 15:30:22,39.21531192,9.110616306,1394.0,134,1237,23.0,,85.02120345866743,,,9.612625538020087,38020,ITA,,
Veneto,Italy,2020-07-30 15:30:22,45.43490485,12.33845213,20003.0,2073,17039,891.0,,407.7373684581726,,,10.363445483177523,38005,ITA,,
Kharkiv Oblast,Ukraine,2020-07-30 15:30:22,49.9935,36.2304,3626.0,127,2109,1390.0,,135.52110593594404,,,3.5024820739106453,80408,UKR,,
Khmelnytskyi Oblast,Ukraine,2020-07-30 15:30:22,49.423,26.9871,1109.0,24,914,171.0,,87.68843327099995,,,2.1641118124436427,80410,UKR,,
Dnipropetrovsk Oblast,Ukraine,2020-07-30 15:30:22,48.4647,35.0462,1394.0,27,1088,279.0,,43.474504884956296,,,1.9368723098995695,80405,UKR,,
C. Valenciana,Spain,2020-07-30 15:30:22,39.484,-0.7533,12999.0,1434,9970,1595.0,,261.2880602874108,,,11.031617816755135,72411,ESP,,
Amazonas,Brazil,2020-07-30 15:30:22,-3.4168,-65.8561,99093.0,3246,84218,11629.0,,2390.8959061640976,,,3.2757106960128364,7604,BRA,,
Cayman Islands,United Kingdom,2020-07-30 15:30:22,19.3133,-81.2546,203.0,1,202,0.0,,308.8861838101035,,,0.49261083743842365,136,CYM,,
Aruba,Netherlands,2020-07-30 15:30:22,12.5211,-69.9683,119.0,3,102,14.0,,111.4587040818238,,,2.5210084033613445,533,ABW,,
Saratov Oblast,Russia,2020-07-30 15:30:22,51.652055499999996,46.86319520000001,9308.0,58,5547,3703.0,,377.9207860492499,,,0.6231198968629136,64364,RUS,,
Kaluga Oblast,Russia,2020-07-30 15:30:22,54.438277299999996,35.5272854,7179.0,56,5902,1221.0,,709.3480993146625,,,0.7800529321632539,64323,RUS,,
Tianjin,China,2020-07-30 15:30:22,39.3054,117.323,205.0,3,195,7.0,,1.314102564102564,,,1.4634146341463414,15627,CHN,,
Jilin,China,2020-07-30 15:30:22,43.6661,126.1923,157.0,2,153,2.0,,0.5806213017751479,,,1.2738853503184713,15618,CHN,,
Hunan,China,2020-07-30 15:30:22,27.6104,111.7088,1019.0,4,1015,0.0,,1.4770256558921582,,,0.39254170755642787,15614,CHN,,
Guangxi,China,2020-07-30 15:30:22,23.8298,108.7881,255.0,2,253,0.0,,0.5176613885505481,,,0.7843137254901961,15607,CHN,,
Colima,Mexico,2020-07-30 15:30:22,19.1223,-104.0072,1682.0,195,963,524.0,,214.22576236733477,,,11.59334126040428,48409,MEX,,
Chihuahua,Mexico,2020-07-30 15:30:22,28.633000000000003,-106.0691,5061.0,872,3675,514.0,,133.13211382808885,,,17.229796482908515,48406,MEX,,
Guanajuato,Mexico,2020-07-30 15:30:22,21.019000000000002,-101.2574,19648.0,923,15081,3644.0,,315.46961991273525,,,4.697679153094462,48411,MEX,,
Quintana Roo,Mexico,2020-07-30 15:30:22,19.1817,-88.4791,7406.0,956,5299,1151.0,,429.76708666544033,,,12.908452605995139,48423,MEX,,
Veracruz,Mexico,2020-07-30 15:30:22,19.1738,-96.1342,20264.0,2665,14777,2822.0,,237.28720674877417,,,13.151401500197395,48430,MEX,,
Manipur,India,2020-07-30 15:30:22,24.738975,93.882541,2458.0,0,1639,819.0,,79.50717198035287,,,0.0,35621,IND,,
Gujarat,India,2020-07-30 15:30:22,22.694884,71.590923,59126.0,2396,43195,13535.0,,92.56893576206524,,,4.052362750735717,35611,IND,,
Akita,Japan,2020-07-30 15:30:22,39.748678999999996,140.408228,18.0,0,16,2.0,,1.8624093368788088,,,0.0,39202,JPN,,
Kagoshima,Japan,2020-07-30 15:30:22,31.009484000000004,130.430665,236.0,1,147,88.0,,14.729075507107716,,,0.423728813559322,39218,JPN,,
South Australia,Australia,2020-07-30 15:30:22,-34.9285,138.6007,449.0,4,441,4.0,,25.5621975519499,,,0.89086859688196,3605,AUS,,
Antioquia,Colombia,2020-07-30 15:30:22,7.1986,-75.3412,28845.0,429,8721,19695.0,,450.2035397594732,,,1.4872594903796152,17002,COL,,
Valle del Cauca,Colombia,2020-07-30 15:30:22,3.8009,-76.6413,23114.0,918,13019,9177.0,,516.4117227293099,,,3.9716189322488535,17031,COL,,
Caldas,Colombia,2020-07-30 15:30:22,5.2983,-75.2479,793.0,10,283,500.0,,79.43862039258507,,,1.2610340479192939,17007,COL,,
Western Australia,Australia,2020-07-30 15:30:22,-31.9505,115.8605,661.0,9,647,5.0,,25.12734737322284,,,1.361573373676248,3608,AUS,,
Khanty-Mansi Autonomous Okrug,Russia,2020-07-30 15:30:22,61.0259025,69.0982628,16162.0,128,12452,3582.0,,1054.7935281805824,,,0.7919811904467269,64330,RUS,,
Sakhalin Oblast,Russia,2020-07-30 15:30:22,49.7219665,143.448533,2498.0,0,970,1528.0,,509.6076755320994,,,0.0,64362,RUS,,
Ontario,Canada,2020-07-30 15:30:22,51.2538,-85.3232,40898.0,2813,36357,1728.0,,277.994024807388,,,6.878086948017018,12408,CAN,,
Nova Scotia,Canada,2020-07-30 15:30:22,44.681999999999995,-63.7443,1067.0,64,1003,0.0,,109.1608121891807,,,5.998125585754452,12407,CAN,,
Baja California Sur,Mexico,2020-07-30 15:30:22,26.0444,-111.6661,4051.0,157,2981,913.0,,503.4124179205376,,,3.875586274993829,48403,MEX,,
Blekinge,Sweden,2020-07-30 15:30:22,56.2784,15.017999999999999,488.0,14,,,,305.75291655702165,,,2.8688524590163933,75201,SWE,,
Dalarna,Sweden,2020-07-30 15:30:22,61.0917,14.6664,1951.0,171,,,,677.5105394386837,,,8.76473603280369,75202,SWE,,
Uppsala,Sweden,2020-07-30 15:30:22,60.0092,17.2715,3551.0,239,,,,925.4312467912216,,,6.730498451140524,75216,SWE,,
Ostergotland,Sweden,2020-07-30 15:30:22,58.3454,15.5198,3506.0,260,,,,753.1767258509758,,,7.415858528237307,75212,SWE,,
Araucania,Chile,2020-07-30 15:30:22,-38.9489,-72.3311,4023.0,77,3678,268.0,,420.2778033145847,,,1.913994531444196,15202,CHL,,
Aysen,Chile,2020-07-30 15:30:22,-45.9864,-73.7669,77.0,1,70,6.0,,74.64278097675411,,,1.2987012987012987,15205,CHL,,
Lazio,Italy,2020-07-30 15:30:22,41.89277044,12.48366722,8629.0,863,6829,937.0,,146.77461549269086,,,10.001158882836945,38012,ITA,,
Umbria,Italy,2020-07-30 15:30:22,43.10675841,12.38824698,1465.0,80,1368,17.0,,166.09694846459527,,,5.460750853242321,38010,ITA,,
Lviv Oblast,Ukraine,2020-07-30 15:30:22,49.8397,24.0297,9379.0,255,2256,6868.0,,371.88429438137115,,,2.718839961616377,80415,UKR,,
Donetsk Oblast,Ukraine,2020-07-30 15:30:22,48.0159,37.8028,865.0,12,645,208.0,,20.763815558747076,,,1.3872832369942196,80406,UKR,,
Gilgit-Baltistan,Pakistan,2020-07-30 15:30:22,35.792146,74.982138,2090.0,53,1693,344.0,,206.19899288070846,,,2.535885167464115,58603,PAK,,
Galicia,Spain,2020-07-30 15:30:22,42.5751,-8.1339,9661.0,619,9204,-162.0,,357.7563812725403,,,6.407204223165304,72413,ESP,,
Madrid,Spain,2020-07-30 15:30:22,40.4168,-3.7038,75110.0,8452,40736,25922.0,,1130.8938488017056,,,11.252829183863666,72414,ESP,,
Northern Ireland,United Kingdom,2020-07-30 15:30:22,54.7877,-6.4923,5930.0,556,,,,315.15731292517006,,,9.376053962900507,82602,GBR,,
Tocantins,Brazil,2020-07-30 15:30:22,-10.1753,-48.2982,23517.0,364,14424,8729.0,,1495.1686920564116,,,1.5478164731896076,7627,BRA,,
Noord-Brabant,Netherlands,2020-07-30 15:30:22,51.561174,5.1849419999999995,10052.0,1536,,8516.0,,392.2035306901604,,,15.280541185833664,52807,NLD,,
Overijssel,Netherlands,2020-07-30 15:30:22,52.444557999999994,6.441722,3174.0,311,,2863.0,,273.0543372969513,,,9.798361688720856,52809,NLD,,
Ivanovo Oblast,Russia,2020-07-30 15:30:22,56.9167446,41.435213700000006,6401.0,91,4990,1320.0,,630.8604183133822,,,1.421652866739572,64318,RUS,,
Henan,China,2020-07-30 15:30:22,33.882,113.61399999999999,1276.0,22,1254,0.0,,1.3284747527329517,,,1.7241379310344827,15612,CHN,,
Hainan,China,2020-07-30 15:30:22,19.1959,109.7453,171.0,6,165,0.0,,1.8308351177730193,,,3.508771929824561,15609,CHN,,
San Luis Potosi,Mexico,2020-07-30 15:30:22,22.1565,-100.9855,8655.0,429,5661,2565.0,,301.97387289255033,,,4.956672443674177,48424,MEX,,
Tlaxcala,Mexico,2020-07-30 15:30:22,19.3139,-98.2404,4352.0,654,3192,506.0,,315.3598051030028,,,15.027573529411764,48429,MEX,,
Andaman and Nicobar Islands,India,2020-07-30 15:30:22,11.225999,92.96817800000001,428.0,2,201,225.0,,102.62902962813762,,,0.4672897196261682,35601,IND,,
Goa,India,2020-07-30 15:30:22,15.359682000000001,74.057396,5489.0,39,3784,1666.0,,346.03624901497244,,,0.7105119329568227,35610,IND,,
Fukui,Japan,2020-07-30 15:30:22,35.846614,136.22465400000002,137.0,8,117,12.0,,17.8400051045854,,,5.839416058394161,39206,JPN,,
Cusco,Peru,2020-07-30 15:30:22,-13.191068,-72.153609,4034.0,80,,3954.0,,297.2514921523838,,,1.983143282102132,60408,PER,,
Huancavelica,Peru,2020-07-30 15:30:22,-13.023888000000001,-75.00277,1551.0,37,,1514.0,,424.5825349028196,,,2.385557704706641,60409,PER,,
Cesar,Colombia,2020-07-30 15:30:22,9.3373,-73.6536,2886.0,61,1482,1343.0,,240.38501583409268,,,2.1136521136521136,17012,COL,,
Nordrhein-Westfalen,Germany,2020-07-30 15:30:22,51.4332,7.6616,48301.0,1732,43868,2701.0,,269.34667941733767,,,3.585847083911306,27610,DEU,,
Schleswig-Holstein,Germany,2020-07-30 15:30:22,54.2194,9.6961,3401.0,156,3100,145.0,,117.40897956027385,,,4.586886209938253,27615,DEU,,
Thuringen,Germany,2020-07-30 15:30:22,51.011,10.8453,3357.0,182,3150,25.0,,156.63895816661963,,,5.421507298182902,27616,DEU,,
Kamchatka Krai,Russia,2020-07-30 15:30:22,57.191488199999995,160.03838190000002,3336.0,42,2971,323.0,,1057.1782593952914,,,1.2589928057553956,64324,RUS,,
Yukon,Canada,2020-07-30 15:30:22,64.2823,-135.0,14.0,0,11,3.0,,34.08150348118214,,,0.0,12412,CAN,,
Vastmanland,Sweden,2020-07-30 15:30:22,59.6714,16.2159,2623.0,178,,,,950.896336710834,,,6.786122760198246,75220,SWE,,
Kalmar,Sweden,2020-07-30 15:30:22,57.235,16.1849,772.0,62,,,,314.5294688037287,,,8.031088082901555,75208,SWE,,
Vasterbotten,Sweden,2020-07-30 15:30:22,65.3337,16.5162,901.0,31,,,,331.57181970736303,,,3.4406215316315207,75218,SWE,,
Vasternorrland,Sweden,2020-07-30 15:30:22,63.4276,17.7292,1764.0,132,,,,718.9816871614489,,,7.482993197278912,75219,SWE,,
Liguria,Italy,2020-07-30 15:30:22,44.41149315,8.9326992,10210.0,1566,8448,196.0,,658.4378063251303,,,15.337904015670912,38007,ITA,,
Zakarpattia Oblast,Ukraine,2020-07-30 15:30:22,48.6208,22.2879,5078.0,183,1980,2915.0,,404.041368489229,,,3.6037810161480897,80425,UKR,,
Unknown,Spain,2020-07-30 15:30:22,,,0.0,0,,0.0,,,,,,72420,ESP,,
Mato Grosso,Brazil,2020-07-30 15:30:22,-12.6819,-56.9211,48317.0,1702,28941,17674.0,,1386.6400188723321,,,3.522569695966223,7611,BRA,,
Isle of Man,United Kingdom,2020-07-30 15:30:22,54.2361,-4.5481,336.0,24,312,0.0,,395.14535704205474,,,7.142857142857143,833,IMN,,
Bermuda,United Kingdom,2020-07-30 15:30:22,32.3078,-64.7505,156.0,9,141,6.0,,250.50985178167102,,,5.769230769230769,60,BMU,,
Anguilla,United Kingdom,2020-07-30 15:30:22,18.2206,-63.0686,3.0,0,3,0.0,,19.997333688841486,,,0.0,660,AIA,,
Limburg,Netherlands,2020-07-30 15:30:22,51.209227,5.93387,4921.0,754,,4167.0,,440.4757962085605,,,15.322089006299533,52806,NLD,,
Noord-Holland,Netherlands,2020-07-30 15:30:22,52.60090600000001,4.9186879999999995,8026.0,815,,7211.0,,278.7263324844671,,,10.154497881883877,52808,NLD,,
Shanxi,China,2020-07-30 15:30:22,37.5777,112.2922,201.0,0,201,0.0,,0.5406132329209252,,,0.0,15625,CHN,,
Queretaro,Mexico,2020-07-30 15:30:22,20.5888,-100.3899,3457.0,463,2592,402.0,,151.64695080839624,,,13.39311541799248,48422,MEX,,
Karnataka,India,2020-07-30 15:30:22,14.705179999999999,76.166436,112504.0,2147,42901,67456.0,,166.51795045567016,,,1.9083765910545403,35616,IND,,
Madhya Pradesh,India,2020-07-30 15:30:22,23.541513000000002,78.289633,30134.0,843,20934,8357.0,,35.30267734619322,,,2.7975044799893807,35619,IND,,
Yamanashi,Japan,2020-07-30 15:30:22,35.612364,138.61148899999998,94.0,1,78,15.0,,11.591257725449962,,,1.0638297872340425,39247,JPN,,
Lambayeque,Peru,2020-07-30 15:30:22,-6.3530489999999995,-79.824113,16954.0,1215,,15739.0,,1293.4086054317975,,,7.166450395186977,60414,PER,,
Junin,Peru,2020-07-30 15:30:22,-11.541783,-74.876968,7276.0,402,,6874.0,,534.4105765699596,,,5.5250137438152835,60412,PER,,
Apurimac,Peru,2020-07-30 15:30:22,-14.027713,-72.975378,858.0,37,,821.0,,199.21058741583468,,,4.312354312354312,60403,PER,,
Magdalena,Colombia,2020-07-30 15:30:22,10.4113,-74.4057,5806.0,338,3154,2314.0,,432.71975470767194,,,5.821563899414399,17020,COL,,
Risaralda,Colombia,2020-07-30 15:30:22,5.3158,-75.9928,1511.0,26,689,796.0,,160.1651895641408,,,1.7207147584381204,17026,COL,,
Boyaca,Colombia,2020-07-30 15:30:22,5.4545,-73.362,929.0,27,457,445.0,,76.31167363246853,,,2.9063509149623252,17006,COL,,
Kirov Oblast,Russia,2020-07-30 15:30:22,57.9665589,49.4074599,4723.0,69,4458,196.0,,368.05331512938363,,,1.4609358458606818,64331,RUS,,
Mari El Republic,Russia,2020-07-30 15:30:22,56.576750399999995,47.881751200000004,3752.0,33,3199,520.0,,549.8781386800873,,,0.8795309168443497,64341,RUS,,
Pskov Oblast,Russia,2020-07-30 15:30:22,57.535872899999994,28.8586826,3686.0,53,2529,1104.0,,579.0626286238544,,,1.4378730330982095,64357,RUS,,
Kemerovo Oblast,Russia,2020-07-30 15:30:22,54.53357809999999,87.342861,3481.0,18,2328,1135.0,,129.1710159684468,,,0.5170927894283252,64327,RUS,,
New Brunswick,Canada,2020-07-30 15:30:22,46.5653,-66.4619,170.0,2,165,3.0,,21.795067391630436,,,1.1764705882352942,12404,CAN,,
Prince Edward Island,Canada,2020-07-30 15:30:22,46.5107,-63.4168,36.0,0,36,0.0,,22.762048078503774,,,0.0,12409,CAN,,
Groningen,Netherlands,2020-07-30 15:30:22,53.217921999999994,6.741514,382.0,17,,365.0,,65.20262312542458,,,4.450261780104712,52805,NLD,,
Zeeland,Netherlands,2020-07-30 15:30:22,51.47936,3.8615589999999997,859.0,69,,790.0,,223.9965787716956,,,8.032596041909196,52811,NLD,,
Chhattisgarh,India,2020-07-30 15:30:22,21.264705,82.035366,8539.0,48,5636,2855.0,,29.00846918887136,,,0.5621267127298278,35607,IND,,
Haryana,India,2020-07-30 15:30:22,29.20004,76.332824,33631.0,413,26420,6798.0,,119.23902590391698,,,1.2280336594213672,35612,IND,,
Kerala,India,2020-07-30 15:30:22,10.450898,76.405749,21797.0,68,11365,10364.0,,61.056975034596476,,,0.3119695370922604,35617,IND,,
Ehime,Japan,2020-07-30 15:30:22,33.624835,132.856842,89.0,5,79,5.0,,6.645684225460438,,,5.617977528089888,39205,JPN,,
Nagasaki,Japan,2020-07-30 15:30:22,33.235712,129.608033,66.0,2,27,37.0,,4.975409415886935,,,3.0303030303030303,39227,JPN,,
Oita,Japan,2020-07-30 15:30:22,33.200697,131.43323999999998,62.0,1,59,2.0,,5.460467098924288,,,1.6129032258064515,39230,JPN,,
Sormland,Sweden,2020-07-30 15:30:22,59.0336,16.7519,2393.0,253,,,,804.2616118841164,,,10.572503134141245,75214,SWE,,
Sergipe,Brazil,2020-07-30 15:30:22,-10.5741,-37.3857,56214.0,1390,28694,26130.0,,2445.4734336336774,,,2.472693635037535,7626,BRA,,
St Martin,France,2020-07-30 15:30:22,18.0708,-63.0501,49.0,3,41,5.0,,126.74926925166197,,,6.122448979591836,663,MAF,,
Greenland,Denmark,2020-07-30 15:30:22,71.7069,-42.6043,14.0,0,13,1.0,,24.660043683505954,,,0.0,304,GRL,,
Fukushima,Japan,2020-07-30 15:30:22,37.378867,140.223295,87.0,0,83,4.0,,4.71412106838239,,,0.0,39208,JPN,,
Amazonas,Peru,2020-07-30 15:30:22,-5.077253,-78.050172,5298.0,123,,5175.0,,1241.3308341143393,,,2.32163080407701,60401,PER,,
Loreto,Peru,2020-07-30 15:30:22,-4.124847,-74.424115,11081.0,545,,10536.0,,1078.3378746594005,,,4.918328670697591,60416,PER,,
Ayacucho,Peru,2020-07-30 15:30:22,-14.091648000000001,-74.08344,3611.0,74,,3537.0,,540.4070637533673,,,2.049293824425367,60405,PER,,
Fukuoka,Japan,2020-07-30 15:30:22,33.526032,130.666949,1753.0,33,992,728.0,,34.34777148014207,,,1.8824871648602395,39207,JPN,,
Ibaraki,Japan,2020-07-30 15:30:22,36.303588,140.319591,280.0,10,211,59.0,,9.789158995870023,,,3.5714285714285716,39214,JPN,,
Casanare,Colombia,2020-07-30 15:30:22,5.7589,-71.5724,277.0,4,113,160.0,,65.87333295283754,,,1.444043321299639,17010,COL,,
Los Rios,Chile,2020-07-30 15:30:22,-40.231,-72.3311,891.0,13,824,54.0,,231.52659437632036,,,1.4590347923681257,15209,CHL,,
Chernivtsi Oblast,Ukraine,2020-07-30 15:30:22,48.2917,25.9352,5812.0,216,4357,1239.0,,642.6544770194632,,,3.7164487267721955,80403,UKR,,
Crimea Republic*,Ukraine,2020-07-30 15:30:22,45.2835,34.2008,1163.0,15,897,251.0,,60.77134142677315,,,1.2897678417884781,80404,UKR,,
Khabarovsk Krai,Russia,2020-07-30 15:30:22,51.6312684,136.121524,7428.0,58,4603,2767.0,,559.2101796127688,,,0.78082929456112,64328,RUS,,
Bashkortostan Republic,Russia,2020-07-30 15:30:22,54.8573563,57.1439682,6711.0,22,5108,1581.0,,165.1616066082362,,,0.32781999701981823,64307,RUS,,
Puno,Peru,2020-07-30 15:30:22,-14.995826999999998,-69.922726,2039.0,72,,1967.0,,164.70113085621972,,,3.531142717018146,60421,PER,,
Saitama,Japan,2020-07-30 15:30:22,35.997101,139.347635,2259.0,73,1637,549.0,,30.735977679611924,,,3.231518370960602,39235,JPN,,
Tochigi,Japan,2020-07-30 15:30:22,36.689912,139.819213,191.0,0,119,72.0,,9.875955925315022,,,0.0,39239,JPN,,
Quindio,Colombia,2020-07-30 15:30:22,4.461,-75.6674,303.0,8,203,92.0,,56.121088193456615,,,2.6402640264026402,17025,COL,,
San Andres y Providencia,Colombia,2020-07-30 15:30:22,12.5567,-81.7185,38.0,0,29,9.0,,62.010443864229764,,,0.0,17027,COL,,
Jamtland Harjedalen,Sweden,2020-07-30 15:30:22,63.1712,14.9592,1134.0,59,,,,866.9061998318172,,,5.202821869488536,75206,SWE,,
Arica y Parinacota,Chile,2020-07-30 15:30:22,-18.594,-69.4785,4159.0,51,3160,948.0,,1839.711945078472,,,1.2262563116133687,15203,CHL,,
Grand Princess,Canada,2020-07-30 15:30:22,,,13.0,0,13,0.0,,,,,0.0,12414,CAN,,
